"MAIN","DESCRIPTION","VISIBILITY","PROBABILITY_OF_PRECIPITATION","DATE","HOUR_INTERVAL","TEMP","FEELS_LIKE","TEMP_MIN","TEMP_MAX","PRESSURE","LIST.MAIN.SEA_LEVEL","GRND_LEVEL","HUMIDITY","TEMP_KF","CLOUDS_ALL","WIND_SPEED","WIND_DEG","WIND_GUST","SYS_POD","RAIN_OVER_3H","CITY.NAME","CITY.COORD.LAT","CITY.COORD.LON","CITY.COUNTRY","CITY.POPULATION","CITY.TIMEZONE","CITY.SUNRISE","CITY.SUNSET"
"Clouds","overcast clouds",10000,0,2024-11-04,03:00:00,30.69,34.43,28.95,30.69,1016,1016,1010,61,1.74,100,5.84,45,4.85,"d",0,"Brisbane",-27.4679,153.0281,"AU",958504,36000,2024-11-03 18:54:38,2024-11-04 08:08:13
"Clouds","broken clouds",10000,0,2024-11-04,06:00:00,29.18,31.34,26.15,29.18,1015,1015,1008,60,3.03,84,6.45,32,8.73,"d",0,"Brisbane",-27.4679,153.0281,"AU",958504,36000,2024-11-03 18:54:38,2024-11-04 08:08:13
"Clouds","broken clouds",10000,0,2024-11-04,09:00:00,25.39,25.84,22.74,25.39,1015,1015,1009,71,2.65,62,5.04,19,11.67,"n",0,"Brisbane",-27.4679,153.0281,"AU",958504,36000,2024-11-03 18:54:38,2024-11-04 08:08:13
"Clouds","scattered clouds",10000,0,2024-11-04,12:00:00,21.94,22.28,21.94,21.94,1015,1015,1009,80,0,38,3.27,358,9.12,"n",0,"Brisbane",-27.4679,153.0281,"AU",958504,36000,2024-11-03 18:54:38,2024-11-04 08:08:13
"Clouds","broken clouds",10000,0,2024-11-04,15:00:00,21.3,21.65,21.3,21.3,1014,1014,1009,83,0,56,3.86,72,6.94,"n",0,"Brisbane",-27.4679,153.0281,"AU",958504,36000,2024-11-03 18:54:38,2024-11-04 08:08:13
"Clouds","broken clouds",10000,0,2024-11-04,18:00:00,20.77,20.99,20.77,20.77,1015,1015,1010,80,0,74,2.46,23,4.67,"n",0,"Brisbane",-27.4679,153.0281,"AU",958504,36000,2024-11-03 18:54:38,2024-11-04 08:08:13
"Clouds","overcast clouds",10000,0,2024-11-04,21:00:00,22.74,22.95,22.74,22.74,1016,1016,1011,72,0,100,1.71,327,2.79,"d",0,"Brisbane",-27.4679,153.0281,"AU",958504,36000,2024-11-03 18:54:38,2024-11-04 08:08:13
"Clouds","broken clouds",10000,0,2024-11-05,00:00:00,30.85,30.72,30.85,30.85,1014,1014,1009,40,0,54,2.55,17,3.88,"d",0,"Brisbane",-27.4679,153.0281,"AU",958504,36000,2024-11-03 18:54:38,2024-11-04 08:08:13
"Clear","clear sky",10000,0,2024-11-05,03:00:00,30.76,31.04,30.76,30.76,1012,1012,1007,43,0,5,5.94,56,6.01,"d",0,"Brisbane",-27.4679,153.0281,"AU",958504,36000,2024-11-03 18:54:38,2024-11-04 08:08:13
"Clouds","few clouds",10000,0,2024-11-05,06:00:00,26.62,26.62,26.62,26.62,1012,1012,1007,58,0,24,6.38,34,9.04,"d",0,"Brisbane",-27.4679,153.0281,"AU",958504,36000,2024-11-03 18:54:38,2024-11-04 08:08:13
"Rain","light rain",10000,0.53,2024-11-05,09:00:00,22.92,23.36,22.92,22.92,1014,1014,1009,80,0,53,4.47,51,11.55,"n",0.37,"Brisbane",-27.4679,153.0281,"AU",958504,36000,2024-11-03 18:54:38,2024-11-04 08:08:13
"Rain","light rain",10000,0.3,2024-11-05,12:00:00,22.58,22.85,22.58,22.58,1015,1015,1009,75,0,71,3.8,15,8.93,"n",0.18,"Brisbane",-27.4679,153.0281,"AU",958504,36000,2024-11-03 18:54:38,2024-11-04 08:08:13
"Clouds","overcast clouds",10000,0,2024-11-05,15:00:00,21.3,21.47,21.3,21.3,1015,1015,1009,76,0,94,2.01,349,5.16,"n",0,"Brisbane",-27.4679,153.0281,"AU",958504,36000,2024-11-03 18:54:38,2024-11-04 08:08:13
"Clouds","broken clouds",10000,0,2024-11-05,18:00:00,20.33,20.53,20.33,20.33,1015,1015,1009,81,0,73,0.96,343,1.29,"n",0,"Brisbane",-27.4679,153.0281,"AU",958504,36000,2024-11-03 18:54:38,2024-11-04 08:08:13
"Clouds","overcast clouds",10000,0,2024-11-05,21:00:00,22.17,22.35,22.17,22.17,1016,1016,1011,73,0,99,1.41,9,2.22,"d",0,"Brisbane",-27.4679,153.0281,"AU",958504,36000,2024-11-03 18:54:38,2024-11-04 08:08:13
"Clouds","overcast clouds",10000,0,2024-11-06,00:00:00,28.33,28.45,28.33,28.33,1015,1015,1010,46,0,99,1.8,35,2.96,"d",0,"Brisbane",-27.4679,153.0281,"AU",958504,36000,2024-11-03 18:54:38,2024-11-04 08:08:13
"Clouds","overcast clouds",10000,0,2024-11-06,03:00:00,28.82,29.43,28.82,28.82,1013,1013,1008,50,0,100,5.75,51,4.77,"d",0,"Brisbane",-27.4679,153.0281,"AU",958504,36000,2024-11-03 18:54:38,2024-11-04 08:08:13
"Clouds","broken clouds",10000,0,2024-11-06,06:00:00,26.61,26.61,26.61,26.61,1012,1012,1007,60,0,59,6.57,38,9.09,"d",0,"Brisbane",-27.4679,153.0281,"AU",958504,36000,2024-11-03 18:54:38,2024-11-04 08:08:13
"Clear","clear sky",10000,0,2024-11-06,09:00:00,23.52,23.91,23.52,23.52,1014,1014,1009,76,0,1,5.81,25,12.54,"n",0,"Brisbane",-27.4679,153.0281,"AU",958504,36000,2024-11-03 18:54:38,2024-11-04 08:08:13
"Clear","clear sky",10000,0,2024-11-06,12:00:00,22.73,23.17,22.73,22.73,1016,1016,1010,81,0,2,3.05,26,7.04,"n",0,"Brisbane",-27.4679,153.0281,"AU",958504,36000,2024-11-03 18:54:38,2024-11-04 08:08:13
"Clear","clear sky",10000,0,2024-11-06,15:00:00,21.55,21.9,21.55,21.55,1015,1015,1009,82,0,2,2.22,359,4.84,"n",0,"Brisbane",-27.4679,153.0281,"AU",958504,36000,2024-11-03 18:54:38,2024-11-04 08:08:13
"Clear","clear sky",10000,0,2024-11-06,18:00:00,20.28,20.64,20.28,20.28,1015,1015,1009,87,0,1,1.6,343,3.61,"n",0,"Brisbane",-27.4679,153.0281,"AU",958504,36000,2024-11-03 18:54:38,2024-11-04 08:08:13
"Clear","clear sky",10000,0,2024-11-06,21:00:00,23.19,23.39,23.19,23.19,1016,1016,1010,70,0,4,1.91,356,3.18,"d",0,"Brisbane",-27.4679,153.0281,"AU",958504,36000,2024-11-03 18:54:38,2024-11-04 08:08:13
"Clouds","few clouds",10000,0,2024-11-07,00:00:00,30.84,31,30.84,30.84,1014,1014,1008,42,0,17,1.86,18,2.99,"d",0,"Brisbane",-27.4679,153.0281,"AU",958504,36000,2024-11-03 18:54:38,2024-11-04 08:08:13
"Clouds","overcast clouds",10000,0,2024-11-07,03:00:00,30.12,31.23,30.12,30.12,1011,1011,1006,50,0,100,6.16,54,5.35,"d",0,"Brisbane",-27.4679,153.0281,"AU",958504,36000,2024-11-03 18:54:38,2024-11-04 08:08:13
"Clouds","broken clouds",10000,0,2024-11-07,06:00:00,27.87,29.26,27.87,27.87,1010,1010,1004,60,0,78,6.65,31,9.75,"d",0,"Brisbane",-27.4679,153.0281,"AU",958504,36000,2024-11-03 18:54:38,2024-11-04 08:08:13
"Clear","clear sky",10000,0,2024-11-07,09:00:00,24.31,24.83,24.31,24.31,1010,1010,1005,78,0,6,5.93,26,12.65,"n",0,"Brisbane",-27.4679,153.0281,"AU",958504,36000,2024-11-03 18:54:38,2024-11-04 08:08:13
"Clear","clear sky",10000,0,2024-11-07,12:00:00,23.89,24.32,23.89,23.89,1011,1011,1006,76,0,4,3.03,21,5.99,"n",0,"Brisbane",-27.4679,153.0281,"AU",958504,36000,2024-11-03 18:54:38,2024-11-04 08:08:13
"Clouds","scattered clouds",10000,0,2024-11-07,15:00:00,23.04,23.46,23.04,23.04,1011,1011,1005,79,0,37,1.74,352,3.2,"n",0,"Brisbane",-27.4679,153.0281,"AU",958504,36000,2024-11-03 18:54:38,2024-11-04 08:08:13
"Clouds","scattered clouds",10000,0,2024-11-07,18:00:00,21.57,21.98,21.57,21.57,1010,1010,1005,84,0,46,2.17,9,4.88,"n",0,"Brisbane",-27.4679,153.0281,"AU",958504,36000,2024-11-03 18:54:38,2024-11-04 08:08:13
"Clouds","broken clouds",10000,0,2024-11-07,21:00:00,25.07,25.36,25.07,25.07,1013,1013,1007,66,0,66,1.94,320,4.45,"d",0,"Brisbane",-27.4679,153.0281,"AU",958504,36000,2024-11-03 18:54:38,2024-11-04 08:08:13
"Clouds","scattered clouds",10000,0,2024-11-08,00:00:00,33.37,33.93,33.37,33.37,1010,1010,1005,38,0,46,2.73,302,4.74,"d",0,"Brisbane",-27.4679,153.0281,"AU",958504,36000,2024-11-03 18:54:38,2024-11-04 08:08:13
"Clouds","broken clouds",10000,0,2024-11-08,03:00:00,33.42,34.46,33.42,33.42,1007,1007,1002,40,0,53,4.92,46,6.43,"d",0,"Brisbane",-27.4679,153.0281,"AU",958504,36000,2024-11-03 18:54:38,2024-11-04 08:08:13
"Clouds","broken clouds",10000,0,2024-11-08,06:00:00,31.88,33.05,31.88,31.88,1005,1005,1000,45,0,67,3.73,38,4.45,"d",0,"Brisbane",-27.4679,153.0281,"AU",958504,36000,2024-11-03 18:54:38,2024-11-04 08:08:13
"Clouds","broken clouds",10000,0,2024-11-08,09:00:00,28.16,29.57,28.16,28.16,1008,1008,1003,59,0,53,1.45,56,2.78,"n",0,"Brisbane",-27.4679,153.0281,"AU",958504,36000,2024-11-03 18:54:38,2024-11-04 08:08:13
"Clouds","scattered clouds",10000,0,2024-11-08,12:00:00,25.3,25.82,25.3,25.3,1011,1011,1006,74,0,30,3.58,148,8.61,"n",0,"Brisbane",-27.4679,153.0281,"AU",958504,36000,2024-11-03 18:54:38,2024-11-04 08:08:13
"Clouds","few clouds",10000,0,2024-11-08,15:00:00,23.85,24.46,23.85,23.85,1012,1012,1006,83,0,23,3.42,165,8.67,"n",0,"Brisbane",-27.4679,153.0281,"AU",958504,36000,2024-11-03 18:54:38,2024-11-04 08:08:13
"Clouds","scattered clouds",10000,0,2024-11-08,18:00:00,23.36,23.89,23.36,23.36,1013,1013,1007,82,0,39,2.78,181,7.8,"n",0,"Brisbane",-27.4679,153.0281,"AU",958504,36000,2024-11-03 18:54:38,2024-11-04 08:08:13
"Clouds","overcast clouds",10000,0,2024-11-08,21:00:00,24.12,24.65,24.12,24.12,1015,1015,1010,79,0,98,3.78,159,8.81,"d",0,"Brisbane",-27.4679,153.0281,"AU",958504,36000,2024-11-03 18:54:38,2024-11-04 08:08:13
"Clouds","overcast clouds",10000,0,2024-11-09,00:00:00,26.07,26.07,26.07,26.07,1016,1016,1011,69,0,99,5.42,136,7.66,"d",0,"Brisbane",-27.4679,153.0281,"AU",958504,36000,2024-11-03 18:54:38,2024-11-04 08:08:13
"Rain","light rain",10000,1,2024-11-04,03:00:00,16.36,16.09,16.23,16.36,1014,1014,992,78,0.13,100,4.19,177,13.98,"n",2.4,"Chicago",41.85,-87.65,"US",2695598,-21600,2024-11-03 12:25:59,2024-11-03 22:42:16
"Rain","light rain",10000,1,2024-11-04,06:00:00,16.4,16.26,16.4,16.48,1014,1014,991,83,-0.08,100,4.49,173,14.18,"n",0.3,"Chicago",41.85,-87.65,"US",2695598,-21600,2024-11-03 12:25:59,2024-11-03 22:42:16
"Rain","moderate rain",3709,1,2024-11-04,09:00:00,16.51,16.59,16.51,16.59,1012,1012,990,91,-0.08,100,3.91,175,12.45,"n",7.17,"Chicago",41.85,-87.65,"US",2695598,-21600,2024-11-03 12:25:59,2024-11-03 22:42:16
"Rain","heavy intensity rain",6543,1,2024-11-04,12:00:00,16.71,16.86,16.71,16.71,1009,1009,988,93,0,100,6.8,164,16.56,"n",16.7,"Chicago",41.85,-87.65,"US",2695598,-21600,2024-11-03 12:25:59,2024-11-03 22:42:16
"Rain","light rain",10000,0.98,2024-11-04,15:00:00,18.11,18.17,18.11,18.11,1011,1011,989,84,0,100,6.72,202,15.41,"d",0.85,"Chicago",41.85,-87.65,"US",2695598,-21600,2024-11-03 12:25:59,2024-11-03 22:42:16
"Rain","light rain",10000,0.87,2024-11-04,18:00:00,19.36,19.49,19.36,19.36,1011,1011,989,82,0,100,6,205,13.13,"d",0.12,"Chicago",41.85,-87.65,"US",2695598,-21600,2024-11-03 12:25:59,2024-11-03 22:42:16
"Rain","light rain",10000,0.78,2024-11-04,21:00:00,18.82,18.95,18.82,18.82,1011,1011,989,84,0,100,4.64,218,9.98,"d",0.34,"Chicago",41.85,-87.65,"US",2695598,-21600,2024-11-03 12:25:59,2024-11-03 22:42:16
"Rain","light rain",10000,0.31,2024-11-05,00:00:00,17.81,17.92,17.81,17.81,1010,1010,989,87,0,100,3.3,195,9.36,"n",0.19,"Chicago",41.85,-87.65,"US",2695598,-21600,2024-11-03 12:25:59,2024-11-03 22:42:16
"Rain","light rain",10000,1,2024-11-05,03:00:00,17.77,18,17.77,17.77,1009,1009,988,92,0,100,5.05,183,13.95,"n",1.28,"Chicago",41.85,-87.65,"US",2695598,-21600,2024-11-03 12:25:59,2024-11-03 22:42:16
"Rain","light rain",10000,1,2024-11-05,06:00:00,19.28,19.35,19.28,19.28,1006,1006,985,80,0,100,7.39,182,18.12,"n",0.66,"Chicago",41.85,-87.65,"US",2695598,-21600,2024-11-03 12:25:59,2024-11-03 22:42:16
"Rain","light rain",10000,1,2024-11-05,09:00:00,19.33,19.33,19.33,19.33,1005,1005,984,77,0,100,7.92,186,20.72,"n",1.79,"Chicago",41.85,-87.65,"US",2695598,-21600,2024-11-03 12:25:59,2024-11-03 22:42:16
"Rain","light rain",10000,1,2024-11-05,12:00:00,19.36,19.26,19.36,19.36,1004,1004,982,73,0,100,10.28,187,23.89,"n",0.51,"Chicago",41.85,-87.65,"US",2695598,-21600,2024-11-03 12:25:59,2024-11-03 22:42:16
"Rain","light rain",10000,1,2024-11-05,15:00:00,18.53,18.42,18.53,18.53,1004,1004,983,76,0,100,7.73,190,19.37,"d",2.87,"Chicago",41.85,-87.65,"US",2695598,-21600,2024-11-03 12:25:59,2024-11-03 22:42:16
"Rain","light rain",10000,1,2024-11-05,18:00:00,20,19.83,20,20,1004,1004,983,68,0,100,8.36,212,17.12,"d",0.17,"Chicago",41.85,-87.65,"US",2695598,-21600,2024-11-03 12:25:59,2024-11-03 22:42:16
"Rain","light rain",10000,0.81,2024-11-05,21:00:00,19.55,19.31,19.55,19.55,1004,1004,983,67,0,100,7.53,216,15.83,"d",0.54,"Chicago",41.85,-87.65,"US",2695598,-21600,2024-11-03 12:25:59,2024-11-03 22:42:16
"Clouds","overcast clouds",10000,0.38,2024-11-06,00:00:00,18.13,17.72,18.13,18.13,1007,1007,985,66,0,100,6.51,228,13.25,"n",0,"Chicago",41.85,-87.65,"US",2695598,-21600,2024-11-03 12:25:59,2024-11-03 22:42:16
"Clouds","overcast clouds",10000,0,2024-11-06,03:00:00,14.93,14.25,14.93,14.93,1010,1010,989,68,0,100,4.94,280,10.6,"n",0,"Chicago",41.85,-87.65,"US",2695598,-21600,2024-11-03 12:25:59,2024-11-03 22:42:16
"Clouds","overcast clouds",10000,0,2024-11-06,06:00:00,13.52,12.52,13.52,13.52,1013,1013,991,61,0,86,4.02,311,6.75,"n",0,"Chicago",41.85,-87.65,"US",2695598,-21600,2024-11-03 12:25:59,2024-11-03 22:42:16
"Clouds","scattered clouds",10000,0,2024-11-06,09:00:00,11.38,10.22,11.38,11.38,1015,1015,994,63,0,43,3.29,332,4.06,"n",0,"Chicago",41.85,-87.65,"US",2695598,-21600,2024-11-03 12:25:59,2024-11-03 22:42:16
"Clouds","few clouds",10000,0,2024-11-06,12:00:00,9.79,8.19,9.79,9.79,1018,1018,996,70,0,21,3.12,358,3.65,"n",0,"Chicago",41.85,-87.65,"US",2695598,-21600,2024-11-03 12:25:59,2024-11-03 22:42:16
"Clear","clear sky",10000,0,2024-11-06,15:00:00,10.83,9.69,10.83,10.83,1021,1021,999,66,0,9,2.37,21,2.7,"d",0,"Chicago",41.85,-87.65,"US",2695598,-21600,2024-11-03 12:25:59,2024-11-03 22:42:16
"Clear","clear sky",10000,0,2024-11-06,18:00:00,12.92,11.73,12.92,12.92,1021,1021,999,56,0,9,2.46,56,1.79,"d",0,"Chicago",41.85,-87.65,"US",2695598,-21600,2024-11-03 12:25:59,2024-11-03 22:42:16
"Clear","clear sky",10000,0,2024-11-06,21:00:00,12.49,11.31,12.49,12.49,1022,1022,1000,58,0,0,2.95,48,2.51,"d",0,"Chicago",41.85,-87.65,"US",2695598,-21600,2024-11-03 12:25:59,2024-11-03 22:42:16
"Clear","clear sky",10000,0,2024-11-07,00:00:00,10.94,9.84,10.94,10.94,1024,1024,1001,67,0,0,2.82,47,3.66,"n",0,"Chicago",41.85,-87.65,"US",2695598,-21600,2024-11-03 12:25:59,2024-11-03 22:42:16
"Clear","clear sky",10000,0,2024-11-07,03:00:00,10.52,9.46,10.52,10.52,1024,1024,1002,70,0,0,2.5,44,4.11,"n",0,"Chicago",41.85,-87.65,"US",2695598,-21600,2024-11-03 12:25:59,2024-11-03 22:42:16
"Clear","clear sky",10000,0,2024-11-07,06:00:00,10.37,9.32,10.37,10.37,1024,1024,1002,71,0,0,2.33,38,4.75,"n",0,"Chicago",41.85,-87.65,"US",2695598,-21600,2024-11-03 12:25:59,2024-11-03 22:42:16
"Clear","clear sky",10000,0,2024-11-07,09:00:00,10.17,9.2,10.17,10.17,1025,1025,1003,75,0,0,2.3,29,4.92,"n",0,"Chicago",41.85,-87.65,"US",2695598,-21600,2024-11-03 12:25:59,2024-11-03 22:42:16
"Clear","clear sky",10000,0,2024-11-07,12:00:00,9.98,9.01,9.98,9.98,1026,1026,1004,77,0,0,2.21,25,4.62,"n",0,"Chicago",41.85,-87.65,"US",2695598,-21600,2024-11-03 12:25:59,2024-11-03 22:42:16
"Clear","clear sky",10000,0,2024-11-07,15:00:00,12.27,11.17,12.27,12.27,1028,1028,1005,62,0,0,3.18,36,4.25,"d",0,"Chicago",41.85,-87.65,"US",2695598,-21600,2024-11-03 12:25:59,2024-11-03 22:42:16
"Clear","clear sky",10000,0,2024-11-07,18:00:00,13.91,12.69,13.91,13.91,1027,1027,1005,51,0,0,3.24,45,3.57,"d",0,"Chicago",41.85,-87.65,"US",2695598,-21600,2024-11-03 12:25:59,2024-11-03 22:42:16
"Clear","clear sky",10000,0,2024-11-07,21:00:00,13.39,12.12,13.39,13.39,1027,1027,1005,51,0,0,3.58,37,4.13,"d",0,"Chicago",41.85,-87.65,"US",2695598,-21600,2024-11-03 12:25:59,2024-11-03 22:42:16
"Clear","clear sky",10000,0,2024-11-08,00:00:00,11.85,10.63,11.85,11.85,1028,1028,1006,59,0,0,2.23,40,3.84,"n",0,"Chicago",41.85,-87.65,"US",2695598,-21600,2024-11-03 12:25:59,2024-11-03 22:42:16
"Clear","clear sky",10000,0,2024-11-08,03:00:00,11.15,9.97,11.15,11.15,1028,1028,1006,63,0,0,1.86,43,3.73,"n",0,"Chicago",41.85,-87.65,"US",2695598,-21600,2024-11-03 12:25:59,2024-11-03 22:42:16
"Clouds","few clouds",10000,0,2024-11-08,06:00:00,10.8,9.63,10.8,10.8,1028,1028,1006,65,0,11,2.03,58,3.91,"n",0,"Chicago",41.85,-87.65,"US",2695598,-21600,2024-11-03 12:25:59,2024-11-03 22:42:16
"Clouds","scattered clouds",10000,0,2024-11-08,09:00:00,10.74,9.65,10.74,10.74,1027,1027,1005,68,0,36,2.01,58,3.52,"n",0,"Chicago",41.85,-87.65,"US",2695598,-21600,2024-11-03 12:25:59,2024-11-03 22:42:16
"Clouds","few clouds",10000,0,2024-11-08,12:00:00,10.44,9.39,10.44,10.44,1027,1027,1005,71,0,21,1.83,85,2.2,"n",0,"Chicago",41.85,-87.65,"US",2695598,-21600,2024-11-03 12:25:59,2024-11-03 22:42:16
"Clouds","broken clouds",10000,0,2024-11-08,15:00:00,12.3,10.94,12.3,12.3,1028,1028,1006,52,0,75,1.97,106,2.93,"d",0,"Chicago",41.85,-87.65,"US",2695598,-21600,2024-11-03 12:25:59,2024-11-03 22:42:16
"Clouds","broken clouds",10000,0,2024-11-08,18:00:00,15,13.55,15,15,1026,1026,1004,38,0,76,2.07,86,2.26,"d",0,"Chicago",41.85,-87.65,"US",2695598,-21600,2024-11-03 12:25:59,2024-11-03 22:42:16
"Clouds","broken clouds",10000,0,2024-11-08,21:00:00,14.44,13.09,14.44,14.44,1025,1025,1003,44,0,73,2.71,65,3.08,"d",0,"Chicago",41.85,-87.65,"US",2695598,-21600,2024-11-03 12:25:59,2024-11-03 22:42:16
"Clouds","scattered clouds",10000,0,2024-11-09,00:00:00,12.73,11.55,12.73,12.73,1024,1024,1002,57,0,45,2.64,57,5.63,"n",0,"Chicago",41.85,-87.65,"US",2695598,-21600,2024-11-03 12:25:59,2024-11-03 22:42:16
"Clouds","few clouds",10000,0,2024-11-04,03:00:00,19.93,19.47,19.93,21.89,1019,1019,1017,57,-1.96,20,7.59,186,9.07,"d",0,"Tokyo",35.6895,139.6917,"JP",12445327,32400,2024-11-03 21:06:03,2024-11-04 07:43:30
"Clouds","few clouds",10000,0,2024-11-04,06:00:00,20.87,20.4,20.87,22.75,1018,1018,1015,53,-1.88,24,8.52,195,9.74,"d",0,"Tokyo",35.6895,139.6917,"JP",12445327,32400,2024-11-03 21:06:03,2024-11-04 07:43:30
"Clear","clear sky",10000,0,2024-11-04,09:00:00,20.99,20.53,20.99,21.52,1018,1018,1015,53,-0.53,7,7.53,210,11.05,"n",0,"Tokyo",35.6895,139.6917,"JP",12445327,32400,2024-11-03 21:06:03,2024-11-04 07:43:30
"Clear","clear sky",10000,0,2024-11-04,12:00:00,20.57,20.17,20.57,20.57,1017,1017,1015,57,0,0,5.7,221,9.13,"n",0,"Tokyo",35.6895,139.6917,"JP",12445327,32400,2024-11-03 21:06:03,2024-11-04 07:43:30
"Clear","clear sky",10000,0,2024-11-04,15:00:00,19.55,19.13,19.55,19.55,1015,1015,1013,60,0,0,3.22,243,6.88,"n",0,"Tokyo",35.6895,139.6917,"JP",12445327,32400,2024-11-03 21:06:03,2024-11-04 07:43:30
"Clear","clear sky",10000,0,2024-11-04,18:00:00,18.16,17.52,18.16,18.16,1015,1015,1013,57,0,8,1.71,321,1.79,"n",0,"Tokyo",35.6895,139.6917,"JP",12445327,32400,2024-11-03 21:06:03,2024-11-04 07:43:30
"Clouds","overcast clouds",10000,0,2024-11-04,21:00:00,17.71,17.02,17.71,17.71,1015,1015,1013,57,0,99,3.17,356,4.04,"n",0,"Tokyo",35.6895,139.6917,"JP",12445327,32400,2024-11-03 21:06:03,2024-11-04 07:43:30
"Clouds","overcast clouds",10000,0,2024-11-05,00:00:00,18.82,18.01,18.82,18.82,1016,1016,1014,48,0,98,3.07,3,3.74,"d",0,"Tokyo",35.6895,139.6917,"JP",12445327,32400,2024-11-03 21:06:03,2024-11-04 07:43:30
"Clouds","overcast clouds",10000,0,2024-11-05,03:00:00,20.19,19.49,20.19,20.19,1014,1014,1013,47,0,99,3.21,55,3.65,"d",0,"Tokyo",35.6895,139.6917,"JP",12445327,32400,2024-11-03 21:06:03,2024-11-04 07:43:30
"Rain","light rain",10000,0.2,2024-11-05,06:00:00,18.54,18.12,18.54,18.54,1014,1014,1012,64,0,99,7.48,64,8.43,"d",0.15,"Tokyo",35.6895,139.6917,"JP",12445327,32400,2024-11-03 21:06:03,2024-11-04 07:43:30
"Clouds","overcast clouds",10000,0,2024-11-05,09:00:00,17.75,17.3,17.75,17.75,1015,1015,1014,66,0,100,7.6,65,9.2,"n",0,"Tokyo",35.6895,139.6917,"JP",12445327,32400,2024-11-03 21:06:03,2024-11-04 07:43:30
"Clouds","overcast clouds",10000,0.06,2024-11-05,12:00:00,16.85,16.26,16.85,16.85,1016,1016,1014,64,0,100,6.35,35,8.22,"n",0,"Tokyo",35.6895,139.6917,"JP",12445327,32400,2024-11-03 21:06:03,2024-11-04 07:43:30
"Rain","light rain",10000,0.5,2024-11-05,15:00:00,15.75,15.03,15.75,15.75,1016,1016,1014,63,0,100,5.01,15,5.69,"n",0.3,"Tokyo",35.6895,139.6917,"JP",12445327,32400,2024-11-03 21:06:03,2024-11-04 07:43:30
"Rain","light rain",10000,0.36,2024-11-05,18:00:00,14.48,13.84,14.48,14.48,1015,1015,1013,71,0,100,5.77,358,6.16,"n",0.1,"Tokyo",35.6895,139.6917,"JP",12445327,32400,2024-11-03 21:06:03,2024-11-04 07:43:30
"Rain","light rain",10000,0.23,2024-11-05,21:00:00,14.23,13.59,14.23,14.23,1015,1015,1013,72,0,99,5.36,30,6.3,"n",0.1,"Tokyo",35.6895,139.6917,"JP",12445327,32400,2024-11-03 21:06:03,2024-11-04 07:43:30
"Rain","light rain",10000,0.27,2024-11-06,00:00:00,14.1,13.45,14.1,14.1,1016,1016,1014,72,0,100,4.24,28,5,"d",0.31,"Tokyo",35.6895,139.6917,"JP",12445327,32400,2024-11-03 21:06:03,2024-11-04 07:43:30
"Clouds","overcast clouds",10000,0,2024-11-06,03:00:00,14.67,13.97,14.67,14.67,1014,1014,1012,68,0,99,3.99,24,4.38,"d",0,"Tokyo",35.6895,139.6917,"JP",12445327,32400,2024-11-03 21:06:03,2024-11-04 07:43:30
"Clouds","overcast clouds",10000,0,2024-11-06,06:00:00,14.77,14.08,14.77,14.77,1014,1014,1012,68,0,100,5.35,0,5.24,"d",0,"Tokyo",35.6895,139.6917,"JP",12445327,32400,2024-11-03 21:06:03,2024-11-04 07:43:30
"Rain","light rain",10000,0.38,2024-11-06,09:00:00,13.28,12.57,13.28,13.28,1016,1016,1015,73,0,97,7.16,6,9.06,"n",0.28,"Tokyo",35.6895,139.6917,"JP",12445327,32400,2024-11-03 21:06:03,2024-11-04 07:43:30
"Rain","light rain",10000,0.84,2024-11-06,12:00:00,13.79,12.9,13.79,13.79,1018,1018,1016,64,0,100,4.07,31,4.69,"n",0.85,"Tokyo",35.6895,139.6917,"JP",12445327,32400,2024-11-03 21:06:03,2024-11-04 07:43:30
"Clouds","broken clouds",10000,0,2024-11-06,15:00:00,13.35,12.31,13.35,13.35,1018,1018,1016,60,0,64,2.84,360,3.96,"n",0,"Tokyo",35.6895,139.6917,"JP",12445327,32400,2024-11-03 21:06:03,2024-11-04 07:43:30
"Clouds","scattered clouds",10000,0,2024-11-06,18:00:00,12.97,11.84,12.97,12.97,1019,1019,1017,58,0,35,3.2,335,5.25,"n",0,"Tokyo",35.6895,139.6917,"JP",12445327,32400,2024-11-03 21:06:03,2024-11-04 07:43:30
"Clear","clear sky",10000,0,2024-11-06,21:00:00,12.05,10.9,12.05,12.05,1021,1021,1020,61,0,2,5.72,1,10.36,"n",0,"Tokyo",35.6895,139.6917,"JP",12445327,32400,2024-11-03 21:06:03,2024-11-04 07:43:30
"Clear","clear sky",10000,0,2024-11-07,00:00:00,13.84,12.48,13.84,13.84,1023,1023,1021,46,0,3,6.83,352,8.51,"d",0,"Tokyo",35.6895,139.6917,"JP",12445327,32400,2024-11-03 21:06:03,2024-11-04 07:43:30
"Clouds","few clouds",10000,0,2024-11-07,03:00:00,15.99,14.61,15.99,15.99,1023,1023,1021,37,0,15,6.26,341,5.78,"d",0,"Tokyo",35.6895,139.6917,"JP",12445327,32400,2024-11-03 21:06:03,2024-11-04 07:43:30
"Clouds","few clouds",10000,0,2024-11-07,06:00:00,16.64,15.2,16.64,16.64,1023,1023,1021,32,0,21,5.16,348,4.64,"d",0,"Tokyo",35.6895,139.6917,"JP",12445327,32400,2024-11-03 21:06:03,2024-11-04 07:43:30
"Clouds","few clouds",10000,0,2024-11-07,09:00:00,15.15,13.56,15.15,15.15,1025,1025,1023,32,0,22,5.48,334,7.17,"n",0,"Tokyo",35.6895,139.6917,"JP",12445327,32400,2024-11-03 21:06:03,2024-11-04 07:43:30
"Clouds","broken clouds",10000,0,2024-11-07,12:00:00,14.2,12.69,14.2,14.2,1026,1026,1024,39,0,58,5.8,351,6.51,"n",0,"Tokyo",35.6895,139.6917,"JP",12445327,32400,2024-11-03 21:06:03,2024-11-04 07:43:30
"Clouds","overcast clouds",10000,0,2024-11-07,15:00:00,12.73,11.13,12.73,12.73,1027,1027,1025,41,0,96,6.85,345,7.31,"n",0,"Tokyo",35.6895,139.6917,"JP",12445327,32400,2024-11-03 21:06:03,2024-11-04 07:43:30
"Clouds","overcast clouds",10000,0,2024-11-07,18:00:00,11.82,10.15,11.82,11.82,1027,1027,1025,42,0,97,7.11,349,9.1,"n",0,"Tokyo",35.6895,139.6917,"JP",12445327,32400,2024-11-03 21:06:03,2024-11-04 07:43:30
"Clouds","overcast clouds",10000,0,2024-11-07,21:00:00,11.24,9.59,11.24,11.24,1028,1028,1026,45,0,96,5.92,4,8.3,"n",0,"Tokyo",35.6895,139.6917,"JP",12445327,32400,2024-11-03 21:06:03,2024-11-04 07:43:30
"Clouds","overcast clouds",10000,0,2024-11-08,00:00:00,12.18,10.55,12.18,12.18,1029,1029,1028,42,0,98,4.85,6,6.49,"d",0,"Tokyo",35.6895,139.6917,"JP",12445327,32400,2024-11-03 21:06:03,2024-11-04 07:43:30
"Clouds","overcast clouds",10000,0,2024-11-08,03:00:00,14.37,12.75,14.37,14.37,1028,1028,1026,34,0,100,3.64,18,4.04,"d",0,"Tokyo",35.6895,139.6917,"JP",12445327,32400,2024-11-03 21:06:03,2024-11-04 07:43:30
"Clouds","overcast clouds",10000,0,2024-11-08,06:00:00,15.47,13.93,15.47,15.47,1027,1027,1025,33,0,100,2.75,101,2.35,"d",0,"Tokyo",35.6895,139.6917,"JP",12445327,32400,2024-11-03 21:06:03,2024-11-04 07:43:30
"Clouds","scattered clouds",10000,0,2024-11-08,09:00:00,14.56,13.25,14.56,14.56,1029,1029,1027,45,0,46,4.66,102,3.93,"n",0,"Tokyo",35.6895,139.6917,"JP",12445327,32400,2024-11-03 21:06:03,2024-11-04 07:43:30
"Clouds","broken clouds",10000,0,2024-11-08,12:00:00,14.17,12.92,14.17,14.17,1029,1029,1027,49,0,56,2.69,59,2.5,"n",0,"Tokyo",35.6895,139.6917,"JP",12445327,32400,2024-11-03 21:06:03,2024-11-04 07:43:30
"Clouds","overcast clouds",10000,0,2024-11-08,15:00:00,13.82,12.59,13.82,13.82,1029,1029,1027,51,0,100,1.46,34,1.25,"n",0,"Tokyo",35.6895,139.6917,"JP",12445327,32400,2024-11-03 21:06:03,2024-11-04 07:43:30
"Clouds","overcast clouds",10000,0,2024-11-08,18:00:00,13.33,12.02,13.33,13.33,1028,1028,1026,50,0,90,4.06,360,4.2,"n",0,"Tokyo",35.6895,139.6917,"JP",12445327,32400,2024-11-03 21:06:03,2024-11-04 07:43:30
"Clouds","overcast clouds",10000,0,2024-11-08,21:00:00,12.35,10.95,12.35,12.35,1029,1029,1027,50,0,100,4.84,9,6.26,"n",0,"Tokyo",35.6895,139.6917,"JP",12445327,32400,2024-11-03 21:06:03,2024-11-04 07:43:30
"Clouds","overcast clouds",10000,0,2024-11-09,00:00:00,12.86,11.45,12.86,12.86,1030,1030,1028,48,0,100,4.12,16,4.89,"d",0,"Tokyo",35.6895,139.6917,"JP",12445327,32400,2024-11-03 21:06:03,2024-11-04 07:43:30
"Clouds","broken clouds",10000,0,2024-11-04,03:00:00,17.76,16.77,17.76,18.46,1020,1020,1010,45,-0.7,75,6.03,284,9.72,"d",0,"Seoul",37.5683,126.9778,"KR",10349312,32400,2024-11-03 22:00:06,2024-11-04 08:31:09
"Clouds","broken clouds",10000,0,2024-11-04,06:00:00,17.11,15.97,15.8,17.11,1020,1020,1010,42,1.31,82,5.87,306,8.47,"d",0,"Seoul",37.5683,126.9778,"KR",10349312,32400,2024-11-03 22:00:06,2024-11-04 08:31:09
"Clouds","overcast clouds",10000,0,2024-11-04,09:00:00,14.16,12.55,12.36,14.16,1021,1021,1011,35,1.8,92,5.69,316,7.16,"n",0,"Seoul",37.5683,126.9778,"KR",10349312,32400,2024-11-03 22:00:06,2024-11-04 08:31:09
"Clouds","overcast clouds",10000,0,2024-11-04,12:00:00,10.7,8.77,10.7,10.7,1023,1023,1013,36,0,88,4.68,316,6.09,"n",0,"Seoul",37.5683,126.9778,"KR",10349312,32400,2024-11-03 22:00:06,2024-11-04 08:31:09
"Clouds","overcast clouds",10000,0,2024-11-04,15:00:00,9.77,9.14,9.77,9.77,1023,1023,1013,39,0,89,1.75,309,2.22,"n",0,"Seoul",37.5683,126.9778,"KR",10349312,32400,2024-11-03 22:00:06,2024-11-04 08:31:09
"Clouds","overcast clouds",10000,0,2024-11-04,18:00:00,9.96,9.33,9.96,9.96,1023,1023,1013,40,0,93,1.78,354,2.55,"n",0,"Seoul",37.5683,126.9778,"KR",10349312,32400,2024-11-03 22:00:06,2024-11-04 08:31:09
"Clouds","overcast clouds",10000,0,2024-11-04,21:00:00,9.66,9.09,9.66,9.66,1023,1023,1013,44,0,100,1.67,6,2.55,"n",0,"Seoul",37.5683,126.9778,"KR",10349312,32400,2024-11-03 22:00:06,2024-11-04 08:31:09
"Clouds","broken clouds",10000,0,2024-11-05,00:00:00,10.29,8.52,10.29,10.29,1024,1024,1014,44,0,70,1.44,349,1.92,"d",0,"Seoul",37.5683,126.9778,"KR",10349312,32400,2024-11-03 22:00:06,2024-11-04 08:31:09
"Clouds","few clouds",10000,0,2024-11-05,03:00:00,13.22,11.56,13.22,13.22,1022,1022,1012,37,0,11,2.11,315,1.93,"d",0,"Seoul",37.5683,126.9778,"KR",10349312,32400,2024-11-03 22:00:06,2024-11-04 08:31:09
"Clouds","scattered clouds",10000,0,2024-11-05,06:00:00,13.72,12.22,13.72,13.72,1021,1021,1011,41,0,30,4.76,310,4.61,"d",0,"Seoul",37.5683,126.9778,"KR",10349312,32400,2024-11-03 22:00:06,2024-11-04 08:31:09
"Clouds","scattered clouds",10000,0,2024-11-05,09:00:00,11.32,9.03,11.32,11.32,1022,1022,1012,20,0,34,5.5,320,6.9,"n",0,"Seoul",37.5683,126.9778,"KR",10349312,32400,2024-11-03 22:00:06,2024-11-04 08:31:09
"Clouds","few clouds",10000,0,2024-11-05,12:00:00,9.37,6.86,9.37,9.37,1024,1024,1014,24,0,17,4.84,321,9.83,"n",0,"Seoul",37.5683,126.9778,"KR",10349312,32400,2024-11-03 22:00:06,2024-11-04 08:31:09
"Clear","clear sky",10000,0,2024-11-05,15:00:00,8.96,6.71,8.96,8.96,1024,1024,1014,26,0,0,4.04,318,9.43,"n",0,"Seoul",37.5683,126.9778,"KR",10349312,32400,2024-11-03 22:00:06,2024-11-04 08:31:09
"Clear","clear sky",10000,0,2024-11-05,18:00:00,8.98,7.75,8.98,8.98,1024,1024,1014,25,0,0,2.31,335,8.07,"n",0,"Seoul",37.5683,126.9778,"KR",10349312,32400,2024-11-03 22:00:06,2024-11-04 08:31:09
"Clear","clear sky",10000,0,2024-11-05,21:00:00,8.21,6.8,8.21,8.21,1025,1025,1015,33,0,1,2.37,297,7.04,"n",0,"Seoul",37.5683,126.9778,"KR",10349312,32400,2024-11-03 22:00:06,2024-11-04 08:31:09
"Clear","clear sky",10000,0,2024-11-06,00:00:00,8.61,6.39,8.61,8.61,1027,1027,1017,34,0,0,3.8,311,6.48,"d",0,"Seoul",37.5683,126.9778,"KR",10349312,32400,2024-11-03 22:00:06,2024-11-04 08:31:09
"Clear","clear sky",10000,0,2024-11-06,03:00:00,10.46,8.08,10.46,10.46,1027,1027,1016,20,0,0,5,312,6.58,"d",0,"Seoul",37.5683,126.9778,"KR",10349312,32400,2024-11-03 22:00:06,2024-11-04 08:31:09
"Clear","clear sky",10000,0,2024-11-06,06:00:00,10.78,8.41,10.78,10.78,1026,1026,1016,19,0,0,4.94,317,6.32,"d",0,"Seoul",37.5683,126.9778,"KR",10349312,32400,2024-11-03 22:00:06,2024-11-04 08:31:09
"Clear","clear sky",10000,0,2024-11-06,09:00:00,9.43,7.15,9.43,9.43,1027,1027,1017,23,0,0,4.33,327,4.91,"n",0,"Seoul",37.5683,126.9778,"KR",10349312,32400,2024-11-03 22:00:06,2024-11-04 08:31:09
"Clear","clear sky",10000,0,2024-11-06,12:00:00,8.22,6.78,8.22,8.22,1028,1028,1018,24,0,0,2.41,315,3.03,"n",0,"Seoul",37.5683,126.9778,"KR",10349312,32400,2024-11-03 22:00:06,2024-11-04 08:31:09
"Clear","clear sky",10000,0,2024-11-06,15:00:00,7.8,7.8,7.8,7.8,1028,1028,1018,25,0,0,0.53,292,0.43,"n",0,"Seoul",37.5683,126.9778,"KR",10349312,32400,2024-11-03 22:00:06,2024-11-04 08:31:09
"Clear","clear sky",10000,0,2024-11-06,18:00:00,7.44,7.44,7.44,7.44,1029,1029,1019,26,0,0,0.57,332,0.53,"n",0,"Seoul",37.5683,126.9778,"KR",10349312,32400,2024-11-03 22:00:06,2024-11-04 08:31:09
"Clear","clear sky",10000,0,2024-11-06,21:00:00,6.84,6.84,6.84,6.84,1029,1029,1019,30,0,0,0.85,19,1.32,"n",0,"Seoul",37.5683,126.9778,"KR",10349312,32400,2024-11-03 22:00:06,2024-11-04 08:31:09
"Clear","clear sky",10000,0,2024-11-07,00:00:00,7.7,7.7,7.7,7.7,1030,1030,1020,29,0,0,0.9,46,0.93,"d",0,"Seoul",37.5683,126.9778,"KR",10349312,32400,2024-11-03 22:00:06,2024-11-04 08:31:09
"Clear","clear sky",10000,0,2024-11-07,03:00:00,11.16,8.85,11.16,11.16,1030,1030,1020,20,0,0,0.55,332,0.59,"d",0,"Seoul",37.5683,126.9778,"KR",10349312,32400,2024-11-03 22:00:06,2024-11-04 08:31:09
"Clear","clear sky",10000,0,2024-11-07,06:00:00,12.82,10.55,12.82,12.82,1028,1028,1018,15,0,0,1.67,305,1.92,"d",0,"Seoul",37.5683,126.9778,"KR",10349312,32400,2024-11-03 22:00:06,2024-11-04 08:31:09
"Clear","clear sky",10000,0,2024-11-07,09:00:00,12.19,9.91,12.19,12.19,1029,1029,1019,17,0,0,2.24,317,2.44,"n",0,"Seoul",37.5683,126.9778,"KR",10349312,32400,2024-11-03 22:00:06,2024-11-04 08:31:09
"Clear","clear sky",10000,0,2024-11-07,12:00:00,10.86,8.6,10.86,10.86,1029,1029,1019,23,0,0,1.22,324,1.89,"n",0,"Seoul",37.5683,126.9778,"KR",10349312,32400,2024-11-03 22:00:06,2024-11-04 08:31:09
"Clear","clear sky",10000,0,2024-11-07,15:00:00,9.67,9.67,9.67,9.67,1030,1030,1019,26,0,0,1.19,20,1.82,"n",0,"Seoul",37.5683,126.9778,"KR",10349312,32400,2024-11-03 22:00:06,2024-11-04 08:31:09
"Clear","clear sky",10000,0,2024-11-07,18:00:00,8.57,8.57,8.57,8.57,1030,1030,1020,30,0,0,1.01,38,1.42,"n",0,"Seoul",37.5683,126.9778,"KR",10349312,32400,2024-11-03 22:00:06,2024-11-04 08:31:09
"Clear","clear sky",10000,0,2024-11-07,21:00:00,7.72,7.72,7.72,7.72,1030,1030,1020,33,0,0,1.14,55,1.8,"n",0,"Seoul",37.5683,126.9778,"KR",10349312,32400,2024-11-03 22:00:06,2024-11-04 08:31:09
"Clear","clear sky",10000,0,2024-11-08,00:00:00,8.71,8.26,8.71,8.71,1031,1031,1020,31,0,0,1.43,73,1.93,"d",0,"Seoul",37.5683,126.9778,"KR",10349312,32400,2024-11-03 22:00:06,2024-11-04 08:31:09
"Clear","clear sky",10000,0,2024-11-08,03:00:00,12.74,10.64,12.74,12.74,1030,1030,1020,22,0,0,1.07,68,1.34,"d",0,"Seoul",37.5683,126.9778,"KR",10349312,32400,2024-11-03 22:00:06,2024-11-04 08:31:09
"Clear","clear sky",10000,0,2024-11-08,06:00:00,14.65,12.61,14.65,14.65,1028,1028,1018,17,0,1,1.36,35,1.5,"d",0,"Seoul",37.5683,126.9778,"KR",10349312,32400,2024-11-03 22:00:06,2024-11-04 08:31:09
"Clouds","broken clouds",10000,0,2024-11-08,09:00:00,14.06,12.02,14.06,14.06,1028,1028,1018,19,0,59,1.06,2,1.33,"n",0,"Seoul",37.5683,126.9778,"KR",10349312,32400,2024-11-03 22:00:06,2024-11-04 08:31:09
"Clouds","broken clouds",10000,0,2024-11-08,12:00:00,12.71,10.66,12.71,12.71,1029,1029,1019,24,0,83,1.13,27,1.43,"n",0,"Seoul",37.5683,126.9778,"KR",10349312,32400,2024-11-03 22:00:06,2024-11-04 08:31:09
"Clouds","overcast clouds",10000,0,2024-11-08,15:00:00,11.73,9.74,11.73,11.73,1029,1029,1019,30,0,100,1.33,49,1.84,"n",0,"Seoul",37.5683,126.9778,"KR",10349312,32400,2024-11-03 22:00:06,2024-11-04 08:31:09
"Clouds","overcast clouds",10000,0,2024-11-08,18:00:00,11.02,9.01,11.02,11.02,1029,1029,1019,32,0,100,1.51,64,2.33,"n",0,"Seoul",37.5683,126.9778,"KR",10349312,32400,2024-11-03 22:00:06,2024-11-04 08:31:09
"Clouds","overcast clouds",10000,0,2024-11-08,21:00:00,10.62,8.7,10.62,10.62,1029,1029,1019,37,0,100,1.5,62,2.7,"n",0,"Seoul",37.5683,126.9778,"KR",10349312,32400,2024-11-03 22:00:06,2024-11-04 08:31:09
"Clouds","overcast clouds",10000,0,2024-11-09,00:00:00,11.61,10.05,11.61,11.61,1031,1031,1021,47,0,92,1.6,65,2.3,"d",0,"Seoul",37.5683,126.9778,"KR",10349312,32400,2024-11-03 22:00:06,2024-11-04 08:31:09
"Clouds","overcast clouds",10000,0,2024-11-04,03:00:00,10.71,10.03,9.87,10.71,1026,1026,1022,84,0.84,100,1.42,90,2.66,"n",0,"London",51.5085,-0.1257,"GB",1000000,0,2024-11-04 06:59:50,2024-11-04 16:28:17
"Clouds","broken clouds",10000,0,2024-11-04,06:00:00,10.27,9.62,9.38,10.27,1026,1026,1021,87,0.89,69,1.58,82,2.77,"n",0,"London",51.5085,-0.1257,"GB",1000000,0,2024-11-04 06:59:50,2024-11-04 16:28:17
"Clouds","broken clouds",10000,0,2024-11-04,09:00:00,10.77,10.04,10.77,10.8,1026,1026,1022,82,-0.03,75,2.12,81,4.68,"d",0,"London",51.5085,-0.1257,"GB",1000000,0,2024-11-04 06:59:50,2024-11-04 16:28:17
"Clouds","broken clouds",10000,0,2024-11-04,12:00:00,13.88,13.02,13.88,13.88,1025,1025,1021,65,0,81,2.49,102,3.91,"d",0,"London",51.5085,-0.1257,"GB",1000000,0,2024-11-04 06:59:50,2024-11-04 16:28:17
"Clouds","overcast clouds",10000,0,2024-11-04,15:00:00,14.46,13.55,14.46,14.46,1024,1024,1019,61,0,95,2.13,88,3.5,"d",0,"London",51.5085,-0.1257,"GB",1000000,0,2024-11-04 06:59:50,2024-11-04 16:28:17
"Clouds","overcast clouds",10000,0,2024-11-04,18:00:00,12.28,11.52,12.28,12.28,1024,1024,1019,75,0,97,2.09,83,4.61,"n",0,"London",51.5085,-0.1257,"GB",1000000,0,2024-11-04 06:59:50,2024-11-04 16:28:17
"Clouds","overcast clouds",10000,0,2024-11-04,21:00:00,11.45,10.66,11.45,11.45,1023,1023,1019,77,0,100,1.44,87,3.44,"n",0,"London",51.5085,-0.1257,"GB",1000000,0,2024-11-04 06:59:50,2024-11-04 16:28:17
"Clouds","overcast clouds",10000,0,2024-11-05,00:00:00,10.67,9.83,10.67,10.67,1022,1022,1018,78,0,100,1.27,100,1.27,"n",0,"London",51.5085,-0.1257,"GB",1000000,0,2024-11-04 06:59:50,2024-11-04 16:28:17
"Clouds","overcast clouds",10000,0,2024-11-05,03:00:00,10.69,9.8,10.69,10.69,1022,1022,1017,76,0,95,1.25,92,1.3,"n",0,"London",51.5085,-0.1257,"GB",1000000,0,2024-11-04 06:59:50,2024-11-04 16:28:17
"Clouds","overcast clouds",10000,0,2024-11-05,06:00:00,10.3,9.34,10.3,10.3,1021,1021,1017,75,0,97,0.91,105,0.89,"n",0,"London",51.5085,-0.1257,"GB",1000000,0,2024-11-04 06:59:50,2024-11-04 16:28:17
"Clouds","overcast clouds",10000,0,2024-11-05,09:00:00,11.57,10.58,11.57,11.57,1022,1022,1018,69,0,100,0.48,133,0.68,"d",0,"London",51.5085,-0.1257,"GB",1000000,0,2024-11-04 06:59:50,2024-11-04 16:28:17
"Clouds","overcast clouds",10000,0,2024-11-05,12:00:00,14.64,13.7,14.64,14.64,1022,1022,1017,59,0,99,0.39,138,0.7,"d",0,"London",51.5085,-0.1257,"GB",1000000,0,2024-11-04 06:59:50,2024-11-04 16:28:17
"Clear","clear sky",10000,0,2024-11-05,15:00:00,15.52,14.67,15.52,15.52,1022,1022,1017,59,0,7,0.11,158,0.43,"d",0,"London",51.5085,-0.1257,"GB",1000000,0,2024-11-04 06:59:50,2024-11-04 16:28:17
"Clouds","scattered clouds",10000,0,2024-11-05,18:00:00,13.43,12.66,13.43,13.43,1023,1023,1018,70,0,38,0.64,149,0.65,"n",0,"London",51.5085,-0.1257,"GB",1000000,0,2024-11-04 06:59:50,2024-11-04 16:28:17
"Clouds","broken clouds",10000,0,2024-11-05,21:00:00,12.47,11.89,12.47,12.47,1024,1024,1019,81,0,64,0.96,207,0.96,"n",0,"London",51.5085,-0.1257,"GB",1000000,0,2024-11-04 06:59:50,2024-11-04 16:28:17
"Clouds","broken clouds",10000,0,2024-11-06,00:00:00,11.75,11.23,11.75,11.75,1025,1025,1020,86,0,61,1.34,217,1.34,"n",0,"London",51.5085,-0.1257,"GB",1000000,0,2024-11-04 06:59:50,2024-11-04 16:28:17
"Clouds","broken clouds",10000,0,2024-11-06,03:00:00,11.31,10.79,11.31,11.31,1025,1025,1021,88,0,61,0.96,225,0.96,"n",0,"London",51.5085,-0.1257,"GB",1000000,0,2024-11-04 06:59:50,2024-11-04 16:28:17
"Clouds","scattered clouds",10000,0,2024-11-06,06:00:00,10.95,10.5,10.95,10.95,1027,1027,1022,92,0,49,0.97,220,0.96,"n",0,"London",51.5085,-0.1257,"GB",1000000,0,2024-11-04 06:59:50,2024-11-04 16:28:17
"Clouds","broken clouds",10000,0,2024-11-06,09:00:00,12.23,11.75,12.23,12.23,1028,1028,1024,86,0,63,1.05,225,1.62,"d",0,"London",51.5085,-0.1257,"GB",1000000,0,2024-11-04 06:59:50,2024-11-04 16:28:17
"Clouds","broken clouds",10000,0,2024-11-06,12:00:00,15.51,15.02,15.51,15.51,1029,1029,1025,73,0,78,0.78,287,1.31,"d",0,"London",51.5085,-0.1257,"GB",1000000,0,2024-11-04 06:59:50,2024-11-04 16:28:17
"Clouds","few clouds",10000,0,2024-11-06,15:00:00,16.18,15.71,16.18,16.18,1028,1028,1024,71,0,18,0.53,231,0.77,"d",0,"London",51.5085,-0.1257,"GB",1000000,0,2024-11-04 06:59:50,2024-11-04 16:28:17
"Clouds","scattered clouds",10000,0,2024-11-06,18:00:00,14.06,13.66,14.06,14.06,1029,1029,1025,82,0,25,0.78,99,0.75,"n",0,"London",51.5085,-0.1257,"GB",1000000,0,2024-11-04 06:59:50,2024-11-04 16:28:17
"Clouds","broken clouds",10000,0,2024-11-06,21:00:00,13.13,12.77,13.13,13.13,1030,1030,1025,87,0,83,0.91,107,0.91,"n",0,"London",51.5085,-0.1257,"GB",1000000,0,2024-11-04 06:59:50,2024-11-04 16:28:17
"Clouds","scattered clouds",10000,0,2024-11-07,00:00:00,12.31,12,12.31,12.31,1029,1029,1025,92,0,43,0.63,91,0.66,"n",0,"London",51.5085,-0.1257,"GB",1000000,0,2024-11-04 06:59:50,2024-11-04 16:28:17
"Clear","clear sky",10000,0,2024-11-07,03:00:00,11.68,11.36,11.68,11.68,1029,1029,1025,94,0,5,1.41,83,1.43,"n",0,"London",51.5085,-0.1257,"GB",1000000,0,2024-11-04 06:59:50,2024-11-04 16:28:17
"Clear","clear sky",10000,0,2024-11-07,06:00:00,11.08,10.67,11.08,11.08,1029,1029,1024,93,0,5,1.77,87,2.64,"n",0,"London",51.5085,-0.1257,"GB",1000000,0,2024-11-04 06:59:50,2024-11-04 16:28:17
"Clear","clear sky",10000,0,2024-11-07,09:00:00,12.32,11.75,12.32,12.32,1029,1029,1024,82,0,4,1.4,95,4.08,"d",0,"London",51.5085,-0.1257,"GB",1000000,0,2024-11-04 06:59:50,2024-11-04 16:28:17
"Clear","clear sky",10000,0,2024-11-07,12:00:00,15.68,14.97,15.68,15.68,1028,1028,1023,64,0,3,1.96,102,3.32,"d",0,"London",51.5085,-0.1257,"GB",1000000,0,2024-11-04 06:59:50,2024-11-04 16:28:17
"Clear","clear sky",10000,0,2024-11-07,15:00:00,15.81,15.12,15.81,15.81,1026,1026,1022,64,0,0,2.5,88,4.39,"d",0,"London",51.5085,-0.1257,"GB",1000000,0,2024-11-04 06:59:50,2024-11-04 16:28:17
"Clear","clear sky",10000,0,2024-11-07,18:00:00,12.79,12.21,12.79,12.79,1026,1026,1022,80,0,0,2.82,85,7.85,"n",0,"London",51.5085,-0.1257,"GB",1000000,0,2024-11-04 06:59:50,2024-11-04 16:28:17
"Clear","clear sky",10000,0,2024-11-07,21:00:00,11.68,11.12,11.68,11.68,1026,1026,1022,85,0,0,2.32,84,7.66,"n",0,"London",51.5085,-0.1257,"GB",1000000,0,2024-11-04 06:59:50,2024-11-04 16:28:17
"Clear","clear sky",10000,0,2024-11-08,00:00:00,10.57,9.8,10.57,10.57,1025,1025,1020,81,0,0,1.65,71,4.82,"n",0,"London",51.5085,-0.1257,"GB",1000000,0,2024-11-04 06:59:50,2024-11-04 16:28:17
"Clear","clear sky",10000,0,2024-11-08,03:00:00,9.79,9.19,9.79,9.79,1024,1024,1019,81,0,0,1.72,76,4.97,"n",0,"London",51.5085,-0.1257,"GB",1000000,0,2024-11-04 06:59:50,2024-11-04 16:28:17
"Clear","clear sky",10000,0,2024-11-08,06:00:00,9.18,8.24,9.18,9.18,1022,1022,1018,85,0,0,2,79,7.03,"n",0,"London",51.5085,-0.1257,"GB",1000000,0,2024-11-04 06:59:50,2024-11-04 16:28:17
"Clear","clear sky",10000,0,2024-11-08,09:00:00,10.42,9.53,10.42,10.42,1022,1022,1018,77,0,7,2,94,5.86,"d",0,"London",51.5085,-0.1257,"GB",1000000,0,2024-11-04 06:59:50,2024-11-04 16:28:17
"Clear","clear sky",10000,0,2024-11-08,12:00:00,13.55,12.55,13.55,13.55,1021,1021,1017,61,0,4,1.93,123,3.17,"d",0,"London",51.5085,-0.1257,"GB",1000000,0,2024-11-04 06:59:50,2024-11-04 16:28:17
"Clear","clear sky",10000,0,2024-11-08,15:00:00,14.2,13.37,14.2,14.2,1020,1020,1016,65,0,0,2.15,101,3.97,"d",0,"London",51.5085,-0.1257,"GB",1000000,0,2024-11-04 06:59:50,2024-11-04 16:28:17
"Clear","clear sky",10000,0,2024-11-08,18:00:00,11.71,11.13,11.71,11.71,1021,1021,1016,84,0,0,1.85,106,4.52,"n",0,"London",51.5085,-0.1257,"GB",1000000,0,2024-11-04 06:59:50,2024-11-04 16:28:17
"Clear","clear sky",10000,0,2024-11-08,21:00:00,10.72,10.25,10.72,10.72,1021,1021,1016,92,0,0,1.37,120,2.36,"n",0,"London",51.5085,-0.1257,"GB",1000000,0,2024-11-04 06:59:50,2024-11-04 16:28:17
"Clear","clear sky",10000,0,2024-11-09,00:00:00,10.43,10.04,10.43,10.43,1020,1020,1016,96,0,0,1.07,92,1.05,"n",0,"London",51.5085,-0.1257,"GB",1000000,0,2024-11-04 06:59:50,2024-11-04 16:28:17
"Rain","light rain",10000,0.2,2024-11-04,03:00:00,10.78,10.37,10.71,10.78,1026,1026,1025,94,0.07,75,1.46,321,1.65,"n",0.12,"Copenhagen",55.6759,12.5655,"DK",15000,3600,2024-11-04 06:22:27,2024-11-04 15:24:08
"Rain","light rain",10000,0.2,2024-11-04,06:00:00,10.75,10.36,10.7,10.75,1026,1026,1026,95,0.05,83,1.31,89,1.43,"n",0.11,"Copenhagen",55.6759,12.5655,"DK",15000,3600,2024-11-04 06:22:27,2024-11-04 15:24:08
"Rain","light rain",10000,0.2,2024-11-04,09:00:00,10.73,10.21,10.71,10.73,1028,1028,1027,90,0.02,92,5.08,135,7.75,"d",0.11,"Copenhagen",55.6759,12.5655,"DK",15000,3600,2024-11-04 06:22:27,2024-11-04 15:24:08
"Clouds","overcast clouds",10000,0,2024-11-04,12:00:00,10.99,10.36,10.99,10.99,1029,1029,1027,85,0,100,4.8,143,7.49,"d",0,"Copenhagen",55.6759,12.5655,"DK",15000,3600,2024-11-04 06:22:27,2024-11-04 15:24:08
"Clouds","overcast clouds",10000,0,2024-11-04,15:00:00,10.88,10.37,10.88,10.88,1028,1028,1027,90,0,100,4.38,148,6.61,"d",0,"Copenhagen",55.6759,12.5655,"DK",15000,3600,2024-11-04 06:22:27,2024-11-04 15:24:08
"Rain","light rain",10000,0.2,2024-11-04,18:00:00,10.81,10.37,10.81,10.81,1028,1028,1027,93,0,99,3.45,164,5.54,"n",0.16,"Copenhagen",55.6759,12.5655,"DK",15000,3600,2024-11-04 06:22:27,2024-11-04 15:24:08
"Rain","light rain",10000,0.2,2024-11-04,21:00:00,10.75,10.2,10.75,10.75,1028,1028,1027,89,0,100,2.01,185,2.99,"n",0.11,"Copenhagen",55.6759,12.5655,"DK",15000,3600,2024-11-04 06:22:27,2024-11-04 15:24:08
"Clouds","overcast clouds",10000,0,2024-11-05,00:00:00,10.69,9.98,10.69,10.69,1027,1027,1026,83,0,100,1.86,213,3.06,"n",0,"Copenhagen",55.6759,12.5655,"DK",15000,3600,2024-11-04 06:22:27,2024-11-04 15:24:08
"Clouds","overcast clouds",10000,0,2024-11-05,03:00:00,10.6,9.73,10.6,10.6,1026,1026,1025,77,0,100,1.82,247,2.63,"n",0,"Copenhagen",55.6759,12.5655,"DK",15000,3600,2024-11-04 06:22:27,2024-11-04 15:24:08
"Clouds","overcast clouds",10000,0,2024-11-05,06:00:00,10.66,9.71,10.66,10.66,1026,1026,1025,74,0,100,2.17,252,3.22,"n",0,"Copenhagen",55.6759,12.5655,"DK",15000,3600,2024-11-04 06:22:27,2024-11-04 15:24:08
"Clouds","overcast clouds",10000,0,2024-11-05,09:00:00,11.56,10.52,11.56,11.56,1026,1026,1025,67,0,100,1.8,234,2.19,"d",0,"Copenhagen",55.6759,12.5655,"DK",15000,3600,2024-11-04 06:22:27,2024-11-04 15:24:08
"Clouds","overcast clouds",10000,0,2024-11-05,12:00:00,12.14,11.08,12.14,12.14,1026,1026,1024,64,0,100,1.12,219,1.4,"d",0,"Copenhagen",55.6759,12.5655,"DK",15000,3600,2024-11-04 06:22:27,2024-11-04 15:24:08
"Clouds","overcast clouds",10000,0,2024-11-05,15:00:00,11.61,10.6,11.61,11.61,1026,1026,1024,68,0,98,0.99,194,1.1,"d",0,"Copenhagen",55.6759,12.5655,"DK",15000,3600,2024-11-04 06:22:27,2024-11-04 15:24:08
"Clouds","overcast clouds",10000,0,2024-11-05,18:00:00,10.79,9.8,10.79,10.79,1026,1026,1024,72,0,99,1.74,194,1.9,"n",0,"Copenhagen",55.6759,12.5655,"DK",15000,3600,2024-11-04 06:22:27,2024-11-04 15:24:08
"Clouds","overcast clouds",10000,0,2024-11-05,21:00:00,9.93,9.93,9.93,9.93,1026,1026,1025,77,0,100,0.98,227,1.05,"n",0,"Copenhagen",55.6759,12.5655,"DK",15000,3600,2024-11-04 06:22:27,2024-11-04 15:24:08
"Clouds","overcast clouds",10000,0,2024-11-06,00:00:00,9.45,9.45,9.45,9.45,1027,1027,1025,79,0,98,0.88,108,0.93,"n",0,"Copenhagen",55.6759,12.5655,"DK",15000,3600,2024-11-04 06:22:27,2024-11-04 15:24:08
"Clouds","overcast clouds",10000,0,2024-11-06,03:00:00,9.11,8.68,9.11,9.11,1027,1027,1026,80,0,100,1.46,102,1.43,"n",0,"Copenhagen",55.6759,12.5655,"DK",15000,3600,2024-11-04 06:22:27,2024-11-04 15:24:08
"Clouds","overcast clouds",10000,0,2024-11-06,06:00:00,8.89,8.35,8.89,8.89,1028,1028,1027,81,0,100,1.53,118,1.54,"n",0,"Copenhagen",55.6759,12.5655,"DK",15000,3600,2024-11-04 06:22:27,2024-11-04 15:24:08
"Clouds","overcast clouds",10000,0,2024-11-06,09:00:00,10,9.28,10,10,1029,1029,1028,79,0,100,1.9,135,2.92,"d",0,"Copenhagen",55.6759,12.5655,"DK",15000,3600,2024-11-04 06:22:27,2024-11-04 15:24:08
"Clouds","overcast clouds",10000,0,2024-11-06,12:00:00,11.03,10.23,11.03,11.03,1029,1029,1028,78,0,100,1.96,172,2.69,"d",0,"Copenhagen",55.6759,12.5655,"DK",15000,3600,2024-11-04 06:22:27,2024-11-04 15:24:08
"Clouds","overcast clouds",10000,0,2024-11-06,15:00:00,10.31,9.59,10.31,10.31,1030,1030,1028,84,0,100,1.66,204,1.8,"d",0,"Copenhagen",55.6759,12.5655,"DK",15000,3600,2024-11-04 06:22:27,2024-11-04 15:24:08
"Clouds","overcast clouds",10000,0,2024-11-06,18:00:00,9.54,8.98,9.54,9.54,1030,1030,1029,86,0,100,1.64,197,1.6,"n",0,"Copenhagen",55.6759,12.5655,"DK",15000,3600,2024-11-04 06:22:27,2024-11-04 15:24:08
"Clouds","broken clouds",10000,0,2024-11-06,21:00:00,8.95,8.23,8.95,8.95,1031,1031,1030,87,0,82,1.71,233,1.68,"n",0,"Copenhagen",55.6759,12.5655,"DK",15000,3600,2024-11-04 06:22:27,2024-11-04 15:24:08
"Clouds","broken clouds",10000,0,2024-11-07,00:00:00,8.44,7.93,8.44,8.44,1031,1031,1030,87,0,72,1.45,217,1.45,"n",0,"Copenhagen",55.6759,12.5655,"DK",15000,3600,2024-11-04 06:22:27,2024-11-04 15:24:08
"Clouds","scattered clouds",10000,0,2024-11-07,03:00:00,8.08,7.43,8.08,8.08,1032,1032,1030,86,0,32,1.53,273,1.45,"n",0,"Copenhagen",55.6759,12.5655,"DK",15000,3600,2024-11-04 06:22:27,2024-11-04 15:24:08
"Clouds","few clouds",10000,0,2024-11-07,06:00:00,7.81,7.81,7.81,7.81,1032,1032,1030,84,0,16,1.1,272,1.12,"n",0,"Copenhagen",55.6759,12.5655,"DK",15000,3600,2024-11-04 06:22:27,2024-11-04 15:24:08
"Clear","clear sky",10000,0,2024-11-07,09:00:00,9.15,9.15,9.15,9.15,1032,1032,1031,76,0,0,0.72,209,0.82,"d",0,"Copenhagen",55.6759,12.5655,"DK",15000,3600,2024-11-04 06:22:27,2024-11-04 15:24:08
"Clear","clear sky",10000,0,2024-11-07,12:00:00,10.67,9.59,10.67,10.67,1033,1033,1031,69,0,1,0.92,176,1.13,"d",0,"Copenhagen",55.6759,12.5655,"DK",15000,3600,2024-11-04 06:22:27,2024-11-04 15:24:08
"Clear","clear sky",10000,0,2024-11-07,15:00:00,9.99,9.99,9.99,9.99,1033,1033,1032,76,0,0,0.41,177,0.4,"d",0,"Copenhagen",55.6759,12.5655,"DK",15000,3600,2024-11-04 06:22:27,2024-11-04 15:24:08
"Clear","clear sky",10000,0,2024-11-07,18:00:00,9.33,9.33,9.33,9.33,1033,1033,1032,79,0,0,1.13,157,1.16,"n",0,"Copenhagen",55.6759,12.5655,"DK",15000,3600,2024-11-04 06:22:27,2024-11-04 15:24:08
"Clear","clear sky",10000,0,2024-11-07,21:00:00,9.04,8.43,9.04,9.04,1034,1034,1032,84,0,0,1.62,139,1.64,"n",0,"Copenhagen",55.6759,12.5655,"DK",15000,3600,2024-11-04 06:22:27,2024-11-04 15:24:08
"Clear","clear sky",10000,0,2024-11-08,00:00:00,8.82,7.77,8.82,8.82,1034,1034,1032,86,0,0,2.05,122,2.12,"n",0,"Copenhagen",55.6759,12.5655,"DK",15000,3600,2024-11-04 06:22:27,2024-11-04 15:24:08
"Clear","clear sky",10000,0,2024-11-08,03:00:00,8.32,6.91,8.32,8.32,1034,1034,1032,87,0,1,2.4,112,2.44,"n",0,"Copenhagen",55.6759,12.5655,"DK",15000,3600,2024-11-04 06:22:27,2024-11-04 15:24:08
"Clear","clear sky",10000,0,2024-11-08,06:00:00,8.22,6.45,8.22,8.22,1033,1033,1032,87,0,0,2.88,117,3.86,"n",0,"Copenhagen",55.6759,12.5655,"DK",15000,3600,2024-11-04 06:22:27,2024-11-04 15:24:08
"Clear","clear sky",10000,0,2024-11-08,09:00:00,9.31,7.46,9.31,9.31,1034,1034,1032,82,0,0,3.39,112,5.86,"d",0,"Copenhagen",55.6759,12.5655,"DK",15000,3600,2024-11-04 06:22:27,2024-11-04 15:24:08
"Clear","clear sky",10000,0,2024-11-08,12:00:00,10.7,9.81,10.7,10.7,1033,1033,1031,76,0,0,3.73,128,6.27,"d",0,"Copenhagen",55.6759,12.5655,"DK",15000,3600,2024-11-04 06:22:27,2024-11-04 15:24:08
"Clear","clear sky",10000,0,2024-11-08,15:00:00,9.97,7.99,9.97,9.97,1032,1032,1030,79,0,0,3.94,119,6.96,"d",0,"Copenhagen",55.6759,12.5655,"DK",15000,3600,2024-11-04 06:22:27,2024-11-04 15:24:08
"Clear","clear sky",10000,0,2024-11-08,18:00:00,9.04,6.61,9.04,9.04,1031,1031,1030,80,0,0,4.47,124,8.29,"n",0,"Copenhagen",55.6759,12.5655,"DK",15000,3600,2024-11-04 06:22:27,2024-11-04 15:24:08
"Clear","clear sky",10000,0,2024-11-08,21:00:00,8.93,6.53,8.93,8.93,1031,1031,1029,83,0,0,4.34,126,8.13,"n",0,"Copenhagen",55.6759,12.5655,"DK",15000,3600,2024-11-04 06:22:27,2024-11-04 15:24:08
"Clear","clear sky",10000,0,2024-11-09,00:00:00,8.8,6.53,8.8,8.8,1030,1030,1028,86,0,0,3.99,127,7.56,"n",0,"Copenhagen",55.6759,12.5655,"DK",15000,3600,2024-11-04 06:22:27,2024-11-04 15:24:08
"Clouds","overcast clouds",10000,0,2024-11-04,03:00:00,7.25,5.28,6.57,7.25,1028,1028,1023,90,0.68,100,2.89,277,8.05,"n",0,"Berlin",52.5244,13.4105,"DE",1000000,3600,2024-11-04 06:08:38,2024-11-04 15:31:11
"Clouds","broken clouds",10000,0,2024-11-04,06:00:00,6.87,5.79,6.11,6.87,1028,1028,1023,92,0.76,79,1.76,285,3.53,"n",0,"Berlin",52.5244,13.4105,"DE",1000000,3600,2024-11-04 06:08:38,2024-11-04 15:31:11
"Clouds","scattered clouds",10000,0,2024-11-04,09:00:00,8.45,7.8,8.45,9.05,1029,1029,1025,84,-0.6,49,1.57,285,2.32,"d",0,"Berlin",52.5244,13.4105,"DE",1000000,3600,2024-11-04 06:08:38,2024-11-04 15:31:11
"Clouds","broken clouds",10000,0,2024-11-04,12:00:00,11.04,10.13,11.04,11.04,1030,1030,1024,74,0,52,0.45,267,0.72,"d",0,"Berlin",52.5244,13.4105,"DE",1000000,3600,2024-11-04 06:08:38,2024-11-04 15:31:11
"Clouds","overcast clouds",10000,0,2024-11-04,15:00:00,11.07,10.19,11.07,11.07,1029,1029,1023,75,0,98,0.11,100,0.23,"d",0,"Berlin",52.5244,13.4105,"DE",1000000,3600,2024-11-04 06:08:38,2024-11-04 15:31:11
"Clouds","overcast clouds",10000,0,2024-11-04,18:00:00,11.15,10.2,11.15,11.15,1029,1029,1023,72,0,99,1.02,133,1.06,"n",0,"Berlin",52.5244,13.4105,"DE",1000000,3600,2024-11-04 06:08:38,2024-11-04 15:31:11
"Clouds","overcast clouds",10000,0,2024-11-04,21:00:00,11.31,10.3,11.31,11.31,1029,1029,1023,69,0,99,1.68,142,1.81,"n",0,"Berlin",52.5244,13.4105,"DE",1000000,3600,2024-11-04 06:08:38,2024-11-04 15:31:11
"Clouds","overcast clouds",10000,0,2024-11-05,00:00:00,10.87,9.84,10.87,10.87,1028,1028,1023,70,0,100,1.53,142,1.61,"n",0,"Berlin",52.5244,13.4105,"DE",1000000,3600,2024-11-04 06:08:38,2024-11-04 15:31:11
"Clouds","scattered clouds",10000,0,2024-11-05,03:00:00,8.6,7.84,8.6,8.6,1027,1027,1022,83,0,48,1.7,132,2.34,"n",0,"Berlin",52.5244,13.4105,"DE",1000000,3600,2024-11-04 06:08:38,2024-11-04 15:31:11
"Clouds","scattered clouds",10000,0,2024-11-05,06:00:00,7.51,6.33,7.51,7.51,1027,1027,1021,86,0,29,1.96,130,3.89,"n",0,"Berlin",52.5244,13.4105,"DE",1000000,3600,2024-11-04 06:08:38,2024-11-04 15:31:11
"Clouds","scattered clouds",10000,0,2024-11-05,09:00:00,9.69,8.42,9.69,9.69,1027,1027,1021,73,0,35,2.56,129,4.15,"d",0,"Berlin",52.5244,13.4105,"DE",1000000,3600,2024-11-04 06:08:38,2024-11-04 15:31:11
"Clouds","broken clouds",10000,0,2024-11-05,12:00:00,12.49,11.36,12.49,12.49,1026,1026,1020,60,0,59,2.15,126,3.03,"d",0,"Berlin",52.5244,13.4105,"DE",1000000,3600,2024-11-04 06:08:38,2024-11-04 15:31:11
"Clouds","overcast clouds",10000,0,2024-11-05,15:00:00,11.6,10.51,11.6,11.6,1025,1025,1019,65,0,100,1.63,103,1.97,"d",0,"Berlin",52.5244,13.4105,"DE",1000000,3600,2024-11-04 06:08:38,2024-11-04 15:31:11
"Clouds","overcast clouds",10000,0,2024-11-05,18:00:00,9.86,9.1,9.86,9.86,1025,1025,1020,75,0,100,1.92,111,2.98,"n",0,"Berlin",52.5244,13.4105,"DE",1000000,3600,2024-11-04 06:08:38,2024-11-04 15:31:11
"Clouds","overcast clouds",10000,0,2024-11-05,21:00:00,8.61,7.86,8.61,8.61,1026,1026,1020,81,0,92,1.69,123,2.12,"n",0,"Berlin",52.5244,13.4105,"DE",1000000,3600,2024-11-04 06:08:38,2024-11-04 15:31:11
"Clouds","overcast clouds",10000,0,2024-11-06,00:00:00,8.01,7.38,8.01,8.01,1026,1026,1020,82,0,96,1.5,100,1.63,"n",0,"Berlin",52.5244,13.4105,"DE",1000000,3600,2024-11-04 06:08:38,2024-11-04 15:31:11
"Clouds","overcast clouds",10000,0,2024-11-06,03:00:00,7.13,6.1,7.13,7.13,1027,1027,1021,84,0,88,1.75,113,2.14,"n",0,"Berlin",52.5244,13.4105,"DE",1000000,3600,2024-11-04 06:08:38,2024-11-04 15:31:11
"Clouds","overcast clouds",10000,0,2024-11-06,06:00:00,6.81,6.07,6.81,6.81,1028,1028,1022,84,0,94,1.45,111,1.6,"n",0,"Berlin",52.5244,13.4105,"DE",1000000,3600,2024-11-04 06:08:38,2024-11-04 15:31:11
"Clouds","overcast clouds",10000,0,2024-11-06,09:00:00,8.84,8.46,8.84,8.84,1029,1029,1023,73,0,100,1.38,106,1.9,"d",0,"Berlin",52.5244,13.4105,"DE",1000000,3600,2024-11-04 06:08:38,2024-11-04 15:31:11
"Clouds","overcast clouds",10000,0,2024-11-06,12:00:00,11.09,9.87,11.09,11.09,1029,1029,1023,62,0,100,1.21,116,1.48,"d",0,"Berlin",52.5244,13.4105,"DE",1000000,3600,2024-11-04 06:08:38,2024-11-04 15:31:11
"Clouds","overcast clouds",10000,0,2024-11-06,15:00:00,10.5,9.3,10.5,10.5,1030,1030,1024,65,0,100,0.87,89,0.89,"d",0,"Berlin",52.5244,13.4105,"DE",1000000,3600,2024-11-04 06:08:38,2024-11-04 15:31:11
"Clouds","overcast clouds",10000,0,2024-11-06,18:00:00,9.24,9.24,9.24,9.24,1030,1030,1025,72,0,100,1.24,90,1.22,"n",0,"Berlin",52.5244,13.4105,"DE",1000000,3600,2024-11-04 06:08:38,2024-11-04 15:31:11
"Clouds","overcast clouds",10000,0,2024-11-06,21:00:00,8.46,8.46,8.46,8.46,1031,1031,1025,77,0,100,1.01,101,0.97,"n",0,"Berlin",52.5244,13.4105,"DE",1000000,3600,2024-11-04 06:08:38,2024-11-04 15:31:11
"Clouds","overcast clouds",10000,0,2024-11-07,00:00:00,7.59,7.59,7.59,7.59,1031,1031,1025,80,0,90,1.02,93,0.99,"n",0,"Berlin",52.5244,13.4105,"DE",1000000,3600,2024-11-04 06:08:38,2024-11-04 15:31:11
"Clouds","few clouds",10000,0,2024-11-07,03:00:00,6.83,6.83,6.83,6.83,1031,1031,1025,83,0,24,1.22,88,1.24,"n",0,"Berlin",52.5244,13.4105,"DE",1000000,3600,2024-11-04 06:08:38,2024-11-04 15:31:11
"Clouds","scattered clouds",10000,0,2024-11-07,06:00:00,6.23,5.22,6.23,6.23,1031,1031,1026,83,0,42,1.61,92,1.63,"n",0,"Berlin",52.5244,13.4105,"DE",1000000,3600,2024-11-04 06:08:38,2024-11-04 15:31:11
"Clouds","scattered clouds",10000,0,2024-11-07,09:00:00,8.48,8.01,8.48,8.48,1032,1032,1027,67,0,45,1.42,98,2.1,"d",0,"Berlin",52.5244,13.4105,"DE",1000000,3600,2024-11-04 06:08:38,2024-11-04 15:31:11
"Clouds","scattered clouds",10000,0,2024-11-07,12:00:00,11.32,9.97,11.32,11.32,1032,1032,1026,56,0,50,2.13,91,3.13,"d",0,"Berlin",52.5244,13.4105,"DE",1000000,3600,2024-11-04 06:08:38,2024-11-04 15:31:11
"Clouds","broken clouds",10000,0,2024-11-07,15:00:00,10.51,9.34,10.51,10.51,1031,1031,1026,66,0,54,2.23,85,4.36,"d",0,"Berlin",52.5244,13.4105,"DE",1000000,3600,2024-11-04 06:08:38,2024-11-04 15:31:11
"Clouds","scattered clouds",10000,0,2024-11-07,18:00:00,8.49,7.15,8.49,8.49,1032,1032,1026,77,0,48,2.34,85,5.25,"n",0,"Berlin",52.5244,13.4105,"DE",1000000,3600,2024-11-04 06:08:38,2024-11-04 15:31:11
"Clear","clear sky",10000,0,2024-11-07,21:00:00,7.34,5.52,7.34,7.34,1032,1032,1027,78,0,5,2.7,92,6.7,"n",0,"Berlin",52.5244,13.4105,"DE",1000000,3600,2024-11-04 06:08:38,2024-11-04 15:31:11
"Clear","clear sky",10000,0,2024-11-08,00:00:00,6.46,4.6,6.46,6.46,1032,1032,1026,82,0,3,2.54,91,6.31,"n",0,"Berlin",52.5244,13.4105,"DE",1000000,3600,2024-11-04 06:08:38,2024-11-04 15:31:11
"Clear","clear sky",10000,0,2024-11-08,03:00:00,5.79,3.59,5.79,5.79,1032,1032,1026,84,0,3,2.81,97,7.22,"n",0,"Berlin",52.5244,13.4105,"DE",1000000,3600,2024-11-04 06:08:38,2024-11-04 15:31:11
"Clear","clear sky",10000,0,2024-11-08,06:00:00,5.2,2.95,5.2,5.2,1031,1031,1026,81,0,4,2.73,98,6.92,"n",0,"Berlin",52.5244,13.4105,"DE",1000000,3600,2024-11-04 06:08:38,2024-11-04 15:31:11
"Clear","clear sky",10000,0,2024-11-08,09:00:00,7.68,5.39,7.68,7.68,1032,1032,1026,67,0,5,3.55,107,6.4,"d",0,"Berlin",52.5244,13.4105,"DE",1000000,3600,2024-11-04 06:08:38,2024-11-04 15:31:11
"Clear","clear sky",10000,0,2024-11-08,12:00:00,11.26,9.8,11.26,11.26,1030,1030,1025,52,0,7,3.88,105,6.07,"d",0,"Berlin",52.5244,13.4105,"DE",1000000,3600,2024-11-04 06:08:38,2024-11-04 15:31:11
"Clear","clear sky",10000,0,2024-11-08,15:00:00,10.3,8.85,10.3,10.3,1030,1030,1024,56,0,9,3.37,103,8.14,"d",0,"Berlin",52.5244,13.4105,"DE",1000000,3600,2024-11-04 06:08:38,2024-11-04 15:31:11
"Clear","clear sky",10000,0,2024-11-08,18:00:00,8.5,6.34,8.5,8.5,1029,1029,1023,65,0,10,3.65,108,10.05,"n",0,"Berlin",52.5244,13.4105,"DE",1000000,3600,2024-11-04 06:08:38,2024-11-04 15:31:11
"Clear","clear sky",10000,0,2024-11-08,21:00:00,7.29,5.04,7.29,7.29,1029,1029,1023,71,0,7,3.35,117,9.5,"n",0,"Berlin",52.5244,13.4105,"DE",1000000,3600,2024-11-04 06:08:38,2024-11-04 15:31:11
"Clear","clear sky",10000,0,2024-11-09,00:00:00,6.83,4.28,6.83,6.83,1028,1028,1023,64,0,9,3.69,131,10.29,"n",0,"Berlin",52.5244,13.4105,"DE",1000000,3600,2024-11-04 06:08:38,2024-11-04 15:31:11
