"cod","message","cnt","list.dt","id","main","description","icon","list.visibility","list.pop","list.dt_txt","list.main.temp","list.main.feels_like","list.main.temp_min","list.main.temp_max","list.main.pressure","list.main.sea_level","list.main.grnd_level","list.main.humidity","list.main.temp_kf","list.clouds.all","list.wind.speed","list.wind.deg","list.wind.gust","list.sys.pod","list.rain.3h","city.id","city.name","city.coord.lat","city.coord.lon","city.country","city.population","city.timezone","city.sunrise","city.sunset"
"200",0,40,1730538000,803,"Clouds","broken clouds","04n",10000,0,"2024-11-02 09:00:00",22.63,22.78,21.58,22.63,1021,1021,1015,70,1.05,75,3.69,103,6.71,"n",NA,2174003,"Brisbane",-27.4679,153.0281,"AU",958504,36000,1730487362,1730534806
"200",0,40,1730548800,803,"Clouds","broken clouds","04n",10000,0,"2024-11-02 12:00:00",21.99,22.12,20.71,21.99,1021,1021,1017,72,1.28,66,3.59,98,7.42,"n",NA,2174003,"Brisbane",-27.4679,153.0281,"AU",958504,36000,1730487362,1730534806
"200",0,40,1730559600,500,"Rain","light rain","10n",10000,0.2,"2024-11-02 15:00:00",20.86,20.96,19.98,20.86,1021,1021,1016,75,0.88,46,2.42,97,6.84,"n",0.13,2174003,"Brisbane",-27.4679,153.0281,"AU",958504,36000,1730487362,1730534806
"200",0,40,1730570400,802,"Clouds","scattered clouds","03n",10000,0,"2024-11-02 18:00:00",19,19.02,19,19,1021,1021,1015,79,0,38,1.02,129,1.38,"n",NA,2174003,"Brisbane",-27.4679,153.0281,"AU",958504,36000,1730487362,1730534806
"200",0,40,1730581200,804,"Clouds","overcast clouds","04d",10000,0,"2024-11-02 21:00:00",21.39,21.28,21.39,21.39,1022,1022,1017,65,0,93,1.85,124,3.51,"d",NA,2174003,"Brisbane",-27.4679,153.0281,"AU",958504,36000,1730487362,1730534806
"200",0,40,1730592000,803,"Clouds","broken clouds","04d",10000,0,"2024-11-03 00:00:00",26.3,26.3,26.3,26.3,1021,1021,1016,46,0,84,2.7,54,2.7,"d",NA,2174003,"Brisbane",-27.4679,153.0281,"AU",958504,36000,1730487362,1730534806
"200",0,40,1730602800,800,"Clear","clear sky","01d",10000,0,"2024-11-03 03:00:00",27.76,27.73,27.76,27.76,1019,1019,1013,44,0,0,5.5,44,3.27,"d",NA,2174003,"Brisbane",-27.4679,153.0281,"AU",958504,36000,1730487362,1730534806
"200",0,40,1730613600,800,"Clear","clear sky","01d",10000,0,"2024-11-03 06:00:00",25.22,25.29,25.22,25.22,1018,1018,1012,57,0,1,5.06,45,4.86,"d",NA,2174003,"Brisbane",-27.4679,153.0281,"AU",958504,36000,1730487362,1730534806
"200",0,40,1730624400,802,"Clouds","scattered clouds","03n",10000,0,"2024-11-03 09:00:00",22.19,22.48,22.19,22.19,1019,1019,1014,77,0,42,4.63,25,8.4,"n",NA,2174003,"Brisbane",-27.4679,153.0281,"AU",958504,36000,1730487362,1730534806
"200",0,40,1730635200,802,"Clouds","scattered clouds","03n",10000,0,"2024-11-03 12:00:00",21.16,21.52,21.16,21.16,1020,1020,1014,84,0,42,3.25,10,8.22,"n",NA,2174003,"Brisbane",-27.4679,153.0281,"AU",958504,36000,1730487362,1730534806
"200",0,40,1730646000,803,"Clouds","broken clouds","04n",10000,0,"2024-11-03 15:00:00",19.92,20.29,19.92,19.92,1018,1018,1013,89,0,54,1.96,350,6.8,"n",NA,2174003,"Brisbane",-27.4679,153.0281,"AU",958504,36000,1730487362,1730534806
"200",0,40,1730656800,802,"Clouds","scattered clouds","03n",10000,0,"2024-11-03 18:00:00",19.08,19.42,19.08,19.08,1018,1018,1013,91,0,36,1.3,314,2.67,"n",NA,2174003,"Brisbane",-27.4679,153.0281,"AU",958504,36000,1730487362,1730534806
"200",0,40,1730667600,803,"Clouds","broken clouds","04d",10000,0,"2024-11-03 21:00:00",22.12,22.32,22.12,22.12,1020,1020,1014,74,0,61,1.16,335,2.24,"d",NA,2174003,"Brisbane",-27.4679,153.0281,"AU",958504,36000,1730487362,1730534806
"200",0,40,1730678400,803,"Clouds","broken clouds","04d",10000,0,"2024-11-04 00:00:00",28.3,28.51,28.3,28.3,1018,1018,1013,47,0,62,2.74,26,2.72,"d",NA,2174003,"Brisbane",-27.4679,153.0281,"AU",958504,36000,1730487362,1730534806
"200",0,40,1730689200,804,"Clouds","overcast clouds","04d",10000,0,"2024-11-04 03:00:00",28.73,29.2,28.73,28.73,1016,1016,1011,49,0,97,5.62,47,4.6,"d",NA,2174003,"Brisbane",-27.4679,153.0281,"AU",958504,36000,1730487362,1730534806
"200",0,40,1730700000,803,"Clouds","broken clouds","04d",10000,0,"2024-11-04 06:00:00",26.18,26.18,26.18,26.18,1015,1015,1009,59,0,69,5.72,37,7.34,"d",NA,2174003,"Brisbane",-27.4679,153.0281,"AU",958504,36000,1730487362,1730534806
"200",0,40,1730710800,800,"Clear","clear sky","01n",10000,0,"2024-11-04 09:00:00",22.67,22.9,22.67,22.67,1015,1015,1010,73,0,2,5.23,25,11.74,"n",NA,2174003,"Brisbane",-27.4679,153.0281,"AU",958504,36000,1730487362,1730534806
"200",0,40,1730721600,800,"Clear","clear sky","01n",10000,0,"2024-11-04 12:00:00",21.79,22.04,21.79,21.79,1016,1016,1011,77,0,3,3.07,15,8.1,"n",NA,2174003,"Brisbane",-27.4679,153.0281,"AU",958504,36000,1730487362,1730534806
"200",0,40,1730732400,800,"Clear","clear sky","01n",10000,0,"2024-11-04 15:00:00",20.92,21.18,20.92,20.92,1017,1017,1011,81,0,0,1.41,157,2.86,"n",NA,2174003,"Brisbane",-27.4679,153.0281,"AU",958504,36000,1730487362,1730534806
"200",0,40,1730743200,800,"Clear","clear sky","01n",10000,0,"2024-11-04 18:00:00",20.33,20.69,20.33,20.33,1017,1017,1012,87,0,2,2.25,64,6.22,"n",NA,2174003,"Brisbane",-27.4679,153.0281,"AU",958504,36000,1730487362,1730534806
"200",0,40,1730754000,801,"Clouds","few clouds","02d",10000,0,"2024-11-04 21:00:00",22.91,23.03,22.91,22.91,1018,1018,1012,68,0,20,3.92,2,6.4,"d",NA,2174003,"Brisbane",-27.4679,153.0281,"AU",958504,36000,1730487362,1730534806
"200",0,40,1730764800,802,"Clouds","scattered clouds","03d",10000,0,"2024-11-05 00:00:00",30.27,30.13,30.27,30.27,1016,1016,1011,41,0,46,0.86,314,1.94,"d",NA,2174003,"Brisbane",-27.4679,153.0281,"AU",958504,36000,1730487362,1730534806
"200",0,40,1730775600,803,"Clouds","broken clouds","04d",10000,0,"2024-11-05 03:00:00",30.85,30.86,30.85,30.85,1014,1014,1009,41,0,75,5.45,52,3.83,"d",NA,2174003,"Brisbane",-27.4679,153.0281,"AU",958504,36000,1730487362,1730534806
"200",0,40,1730786400,500,"Rain","light rain","10d",10000,0.6,"2024-11-05 06:00:00",24.88,25.15,24.88,24.88,1014,1014,1008,66,0,88,5.48,38,8.21,"d",0.74,2174003,"Brisbane",-27.4679,153.0281,"AU",958504,36000,1730487362,1730534806
"200",0,40,1730797200,501,"Rain","moderate rain","10n",10000,1,"2024-11-05 09:00:00",21.59,22.1,21.59,21.59,1018,1018,1013,88,0,71,3.11,28,7.01,"n",3.76,2174003,"Brisbane",-27.4679,153.0281,"AU",958504,36000,1730487362,1730534806
"200",0,40,1730808000,500,"Rain","light rain","10n",10000,1,"2024-11-05 12:00:00",20.86,21.38,20.86,20.86,1020,1020,1014,91,0,77,1.72,263,3,"n",0.89,2174003,"Brisbane",-27.4679,153.0281,"AU",958504,36000,1730487362,1730534806
"200",0,40,1730818800,500,"Rain","light rain","10n",10000,0.75,"2024-11-05 15:00:00",20.44,20.89,20.44,20.44,1016,1016,1010,90,0,90,3.03,16,5.83,"n",0.43,2174003,"Brisbane",-27.4679,153.0281,"AU",958504,36000,1730487362,1730534806
"200",0,40,1730829600,803,"Clouds","broken clouds","04n",10000,0.45,"2024-11-05 18:00:00",19.72,20.2,19.72,19.72,1017,1017,1011,94,0,84,0.27,163,0.78,"n",NA,2174003,"Brisbane",-27.4679,153.0281,"AU",958504,36000,1730487362,1730534806
"200",0,40,1730840400,800,"Clear","clear sky","01d",10000,0,"2024-11-05 21:00:00",22.25,22.57,22.25,22.25,1019,1019,1013,78,0,7,1.7,12,3.17,"d",NA,2174003,"Brisbane",-27.4679,153.0281,"AU",958504,36000,1730487362,1730534806
"200",0,40,1730851200,800,"Clear","clear sky","01d",10000,0,"2024-11-06 00:00:00",28.6,28.84,28.6,28.6,1018,1018,1012,47,0,6,2.64,32,2.7,"d",NA,2174003,"Brisbane",-27.4679,153.0281,"AU",958504,36000,1730487362,1730534806
"200",0,40,1730862000,801,"Clouds","few clouds","02d",10000,0,"2024-11-06 03:00:00",28.63,28.88,28.63,28.63,1016,1016,1011,47,0,20,5.52,48,3.54,"d",NA,2174003,"Brisbane",-27.4679,153.0281,"AU",958504,36000,1730487362,1730534806
"200",0,40,1730872800,500,"Rain","light rain","10d",8601,0.65,"2024-11-06 06:00:00",25,25.1,25,25,1016,1016,1011,59,0,31,3.9,42,5.23,"d",0.6,2174003,"Brisbane",-27.4679,153.0281,"AU",958504,36000,1730487362,1730534806
"200",0,40,1730883600,500,"Rain","light rain","10n",10000,1,"2024-11-06 09:00:00",21.97,22.23,21.97,21.97,1017,1017,1011,77,0,98,4.97,17,10.45,"n",1.19,2174003,"Brisbane",-27.4679,153.0281,"AU",958504,36000,1730487362,1730534806
"200",0,40,1730894400,500,"Rain","light rain","10n",10000,0.99,"2024-11-06 12:00:00",20.79,21.27,20.79,20.79,1020,1020,1014,90,0,98,1.49,236,1.83,"n",0.78,2174003,"Brisbane",-27.4679,153.0281,"AU",958504,36000,1730487362,1730534806
"200",0,40,1730905200,500,"Rain","light rain","10n",10000,0.2,"2024-11-06 15:00:00",19.95,20.35,19.95,19.95,1017,1017,1012,90,0,78,0.14,78,0.91,"n",0.12,2174003,"Brisbane",-27.4679,153.0281,"AU",958504,36000,1730487362,1730534806
"200",0,40,1730916000,803,"Clouds","broken clouds","04n",10000,0,"2024-11-06 18:00:00",19.24,19.62,19.24,19.24,1017,1017,1011,92,0,66,1.07,307,1.47,"n",NA,2174003,"Brisbane",-27.4679,153.0281,"AU",958504,36000,1730487362,1730534806
"200",0,40,1730926800,800,"Clear","clear sky","01d",10000,0,"2024-11-06 21:00:00",21.9,22.18,21.9,21.9,1018,1018,1013,78,0,5,1.22,321,1.87,"d",NA,2174003,"Brisbane",-27.4679,153.0281,"AU",958504,36000,1730487362,1730534806
"200",0,40,1730937600,800,"Clear","clear sky","01d",10000,0,"2024-11-07 00:00:00",29.14,29.48,29.14,29.14,1017,1017,1012,47,0,3,1.91,27,2.19,"d",NA,2174003,"Brisbane",-27.4679,153.0281,"AU",958504,36000,1730487362,1730534806
"200",0,40,1730948400,800,"Clear","clear sky","01d",10000,0,"2024-11-07 03:00:00",29.52,29.96,29.52,29.52,1015,1015,1010,47,0,0,5.6,47,4,"d",NA,2174003,"Brisbane",-27.4679,153.0281,"AU",958504,36000,1730487362,1730534806
"200",0,40,1730959200,800,"Clear","clear sky","01d",10000,0,"2024-11-07 06:00:00",26.95,27.62,26.95,26.95,1015,1015,1009,54,0,0,5.97,34,7.59,"d",NA,2174003,"Brisbane",-27.4679,153.0281,"AU",958504,36000,1730487362,1730534806
"200",0,40,1730538000,800,"Clear","clear sky","01n",10000,0,"2024-11-02 09:00:00",6.1,4.93,6.1,8.42,1028,1028,1006,78,-2.32,0,1.73,146,3.01,"n",NA,4887398,"Chicago",41.85,-87.65,"US",2695598,-18000,1730550285,1730587409
"200",0,40,1730548800,800,"Clear","clear sky","01n",10000,0,"2024-11-02 12:00:00",6.71,5.38,6.71,7.94,1028,1028,1007,73,-1.23,4,1.98,147,3.46,"n",NA,4887398,"Chicago",41.85,-87.65,"US",2695598,-18000,1730550285,1730587409
"200",0,40,1730559600,803,"Clouds","broken clouds","04d",10000,0,"2024-11-02 15:00:00",8.41,6.72,8.41,9.56,1029,1029,1007,61,-1.15,51,2.82,155,3.71,"d",NA,4887398,"Chicago",41.85,-87.65,"US",2695598,-18000,1730550285,1730587409
"200",0,40,1730570400,803,"Clouds","broken clouds","04d",10000,0,"2024-11-02 18:00:00",12.96,11.3,12.96,12.96,1028,1028,1006,38,0,84,2.5,162,3.44,"d",NA,4887398,"Chicago",41.85,-87.65,"US",2695598,-18000,1730550285,1730587409
"200",0,40,1730581200,802,"Clouds","scattered clouds","03d",10000,0,"2024-11-02 21:00:00",14.78,13.15,14.78,14.78,1026,1026,1004,32,0,26,2.09,134,2.74,"d",NA,4887398,"Chicago",41.85,-87.65,"US",2695598,-18000,1730550285,1730587409
"200",0,40,1730592000,803,"Clouds","broken clouds","04n",10000,0,"2024-11-03 00:00:00",13.44,11.88,13.44,13.44,1026,1026,1004,40,0,62,2.4,112,4.98,"n",NA,4887398,"Chicago",41.85,-87.65,"US",2695598,-18000,1730550285,1730587409
"200",0,40,1730602800,804,"Clouds","overcast clouds","04n",10000,0,"2024-11-03 03:00:00",12.61,11.02,12.61,12.61,1026,1026,1004,42,0,96,2.77,133,6.81,"n",NA,4887398,"Chicago",41.85,-87.65,"US",2695598,-18000,1730550285,1730587409
"200",0,40,1730613600,804,"Clouds","overcast clouds","04n",10000,0,"2024-11-03 06:00:00",12.27,10.6,12.27,12.27,1025,1025,1003,40,0,98,3.28,136,8.42,"n",NA,4887398,"Chicago",41.85,-87.65,"US",2695598,-18000,1730550285,1730587409
"200",0,40,1730624400,804,"Clouds","overcast clouds","04n",10000,0,"2024-11-03 09:00:00",11.99,10.34,11.99,11.99,1024,1024,1002,42,0,100,3.54,126,8.69,"n",NA,4887398,"Chicago",41.85,-87.65,"US",2695598,-18000,1730550285,1730587409
"200",0,40,1730635200,804,"Clouds","overcast clouds","04n",10000,0,"2024-11-03 12:00:00",11.65,9.99,11.65,11.65,1023,1023,1001,43,0,97,4.13,133,10.65,"n",NA,4887398,"Chicago",41.85,-87.65,"US",2695598,-18000,1730550285,1730587409
"200",0,40,1730646000,804,"Clouds","overcast clouds","04d",10000,0,"2024-11-03 15:00:00",12.47,10.87,12.47,12.47,1021,1021,1000,42,0,100,5.68,131,13.88,"d",NA,4887398,"Chicago",41.85,-87.65,"US",2695598,-18000,1730550285,1730587409
"200",0,40,1730656800,804,"Clouds","overcast clouds","04d",10000,0,"2024-11-03 18:00:00",14.42,12.91,14.42,14.42,1018,1018,997,38,0,100,5.42,138,13.15,"d",NA,4887398,"Chicago",41.85,-87.65,"US",2695598,-18000,1730550285,1730587409
"200",0,40,1730667600,500,"Rain","light rain","10d",10000,0.35,"2024-11-03 21:00:00",14.55,13.47,14.55,14.55,1016,1016,995,54,0,100,5.91,147,14.75,"d",0.29,4887398,"Chicago",41.85,-87.65,"US",2695598,-18000,1730550285,1730587409
"200",0,40,1730678400,804,"Clouds","overcast clouds","04n",10000,0,"2024-11-04 00:00:00",16.74,16.04,16.74,16.74,1015,1015,993,60,0,100,5.54,160,15.5,"n",NA,4887398,"Chicago",41.85,-87.65,"US",2695598,-18000,1730550285,1730587409
"200",0,40,1730689200,804,"Clouds","overcast clouds","04n",10000,0,"2024-11-04 03:00:00",17.68,17.33,17.68,17.68,1014,1014,993,70,0,100,5.17,170,15.6,"n",NA,4887398,"Chicago",41.85,-87.65,"US",2695598,-18000,1730550285,1730587409
"200",0,40,1730700000,804,"Clouds","overcast clouds","04n",10000,0,"2024-11-04 06:00:00",18.33,18.2,18.33,18.33,1012,1012,991,76,0,100,5.25,175,14.76,"n",NA,4887398,"Chicago",41.85,-87.65,"US",2695598,-18000,1730550285,1730587409
"200",0,40,1730710800,500,"Rain","light rain","10n",10000,0.29,"2024-11-04 09:00:00",18.98,18.89,18.98,18.98,1012,1012,991,75,0,97,6.32,184,15.74,"n",0.16,4887398,"Chicago",41.85,-87.65,"US",2695598,-18000,1730550285,1730587409
"200",0,40,1730721600,501,"Rain","moderate rain","10n",2255,1,"2024-11-04 12:00:00",16.74,16.87,16.74,16.74,1010,1010,988,92,0,99,7.18,168,16.44,"n",9.92,4887398,"Chicago",41.85,-87.65,"US",2695598,-18000,1730550285,1730587409
"200",0,40,1730732400,501,"Rain","moderate rain","10d",10000,1,"2024-11-04 15:00:00",17.76,17.81,17.76,17.76,1010,1010,989,85,0,100,9.94,190,17.57,"d",5.26,4887398,"Chicago",41.85,-87.65,"US",2695598,-18000,1730550285,1730587409
"200",0,40,1730743200,500,"Rain","light rain","10d",10000,1,"2024-11-04 18:00:00",19.06,19.08,19.06,19.06,1010,1010,989,79,0,100,7.81,203,17.39,"d",0.53,4887398,"Chicago",41.85,-87.65,"US",2695598,-18000,1730550285,1730587409
"200",0,40,1730754000,804,"Clouds","overcast clouds","04d",10000,0,"2024-11-04 21:00:00",20.68,20.76,20.68,20.68,1010,1010,989,75,0,100,6.9,215,13.37,"d",NA,4887398,"Chicago",41.85,-87.65,"US",2695598,-18000,1730550285,1730587409
"200",0,40,1730764800,500,"Rain","light rain","10n",10000,0.48,"2024-11-05 00:00:00",19.11,19.27,19.11,19.11,1010,1010,988,84,0,100,3.8,191,11.07,"n",0.48,4887398,"Chicago",41.85,-87.65,"US",2695598,-18000,1730550285,1730587409
"200",0,40,1730775600,500,"Rain","light rain","10n",10000,1,"2024-11-05 03:00:00",20.16,20.14,20.16,20.16,1007,1007,986,73,0,100,7.82,181,17.84,"n",1.83,4887398,"Chicago",41.85,-87.65,"US",2695598,-18000,1730550285,1730587409
"200",0,40,1730786400,500,"Rain","light rain","10n",10000,1,"2024-11-05 06:00:00",20.23,20.14,20.23,20.23,1006,1006,985,70,0,100,8.39,185,20.53,"n",0.23,4887398,"Chicago",41.85,-87.65,"US",2695598,-18000,1730550285,1730587409
"200",0,40,1730797200,500,"Rain","light rain","10n",8919,1,"2024-11-05 09:00:00",19.02,19.01,19.02,19.02,1005,1005,984,78,0,100,8.12,193,21.27,"n",0.85,4887398,"Chicago",41.85,-87.65,"US",2695598,-18000,1730550285,1730587409
"200",0,40,1730808000,500,"Rain","light rain","10n",7956,1,"2024-11-05 12:00:00",18.48,18.55,18.48,18.48,1005,1005,984,83,0,100,8.31,197,19.84,"n",1.54,4887398,"Chicago",41.85,-87.65,"US",2695598,-18000,1730550285,1730587409
"200",0,40,1730818800,500,"Rain","light rain","10d",10000,1,"2024-11-05 15:00:00",18.18,18.33,18.18,18.18,1005,1005,984,87,0,100,8.39,187,15.3,"d",2.16,4887398,"Chicago",41.85,-87.65,"US",2695598,-18000,1730550285,1730587409
"200",0,40,1730829600,500,"Rain","light rain","10d",10000,1,"2024-11-05 18:00:00",19.17,19.07,19.17,19.17,1005,1005,984,74,0,100,8.95,207,16.73,"d",0.86,4887398,"Chicago",41.85,-87.65,"US",2695598,-18000,1730550285,1730587409
"200",0,40,1730840400,500,"Rain","light rain","10d",10000,0.2,"2024-11-05 21:00:00",19.06,18.74,19.06,19.06,1005,1005,984,66,0,100,8.04,217,16.27,"d",0.1,4887398,"Chicago",41.85,-87.65,"US",2695598,-18000,1730550285,1730587409
"200",0,40,1730851200,500,"Rain","light rain","10n",10000,0.2,"2024-11-06 00:00:00",16.2,15.65,16.2,16.2,1010,1010,988,68,0,100,5.61,256,12.27,"n",0.24,4887398,"Chicago",41.85,-87.65,"US",2695598,-18000,1730550285,1730587409
"200",0,40,1730862000,804,"Clouds","overcast clouds","04n",10000,0,"2024-11-06 03:00:00",14.37,13.66,14.37,14.37,1013,1013,991,69,0,98,3.81,280,9,"n",NA,4887398,"Chicago",41.85,-87.65,"US",2695598,-18000,1730550285,1730587409
"200",0,40,1730872800,803,"Clouds","broken clouds","04n",10000,0,"2024-11-06 06:00:00",13.39,12.64,13.39,13.39,1015,1015,993,71,0,52,1.98,299,5.03,"n",NA,4887398,"Chicago",41.85,-87.65,"US",2695598,-18000,1730550285,1730587409
"200",0,40,1730883600,800,"Clear","clear sky","01n",10000,0,"2024-11-06 09:00:00",12.29,11.51,12.29,12.29,1017,1017,995,74,0,0,1.93,2,3.57,"n",NA,4887398,"Chicago",41.85,-87.65,"US",2695598,-18000,1730550285,1730587409
"200",0,40,1730894400,800,"Clear","clear sky","01n",10000,0,"2024-11-06 12:00:00",11.58,10.7,11.58,11.58,1019,1019,997,73,0,0,1.68,5,2.97,"n",NA,4887398,"Chicago",41.85,-87.65,"US",2695598,-18000,1730550285,1730587409
"200",0,40,1730905200,800,"Clear","clear sky","01d",10000,0,"2024-11-06 15:00:00",13.32,12.35,13.32,13.32,1021,1021,999,63,0,0,1.76,89,2.02,"d",NA,4887398,"Chicago",41.85,-87.65,"US",2695598,-18000,1730550285,1730587409
"200",0,40,1730916000,800,"Clear","clear sky","01d",10000,0,"2024-11-06 18:00:00",15.67,14.73,15.67,15.67,1021,1021,999,55,0,0,2,71,1.56,"d",NA,4887398,"Chicago",41.85,-87.65,"US",2695598,-18000,1730550285,1730587409
"200",0,40,1730926800,800,"Clear","clear sky","01d",10000,0,"2024-11-06 21:00:00",15.34,14.44,15.34,15.34,1022,1022,1000,58,0,0,3.05,67,2.15,"d",NA,4887398,"Chicago",41.85,-87.65,"US",2695598,-18000,1730550285,1730587409
"200",0,40,1730937600,800,"Clear","clear sky","01n",10000,0,"2024-11-07 00:00:00",13.49,12.72,13.49,13.49,1023,1023,1001,70,0,0,2.74,66,3.93,"n",NA,4887398,"Chicago",41.85,-87.65,"US",2695598,-18000,1730550285,1730587409
"200",0,40,1730948400,803,"Clouds","broken clouds","04n",10000,0,"2024-11-07 03:00:00",13.05,12.37,13.05,13.05,1023,1023,1001,75,0,64,2.35,68,4.79,"n",NA,4887398,"Chicago",41.85,-87.65,"US",2695598,-18000,1730550285,1730587409
"200",0,40,1730959200,803,"Clouds","broken clouds","04n",10000,0,"2024-11-07 06:00:00",12.8,12.17,12.8,12.8,1023,1023,1001,78,0,70,2.27,83,5.2,"n",NA,4887398,"Chicago",41.85,-87.65,"US",2695598,-18000,1730550285,1730587409
"200",0,40,1730538000,502,"Rain","heavy intensity rain","10n",1414,1,"2024-11-02 09:00:00",16.72,16.93,16.57,16.72,1008,1008,1006,95,0.15,75,12.58,360,17.18,"n",18.57,1850144,"Tokyo",35.6895,139.6917,"JP",12445327,32400,1730495045,1730533525
"200",0,40,1730548800,501,"Rain","moderate rain","10n",10000,1,"2024-11-02 12:00:00",16.91,16.98,16.91,17.3,1009,1009,1010,89,-0.39,83,5.4,359,9.47,"n",9.8,1850144,"Tokyo",35.6895,139.6917,"JP",12445327,32400,1730495045,1730533525
"200",0,40,1730559600,804,"Clouds","overcast clouds","04n",10000,0,"2024-11-02 15:00:00",17.31,17.16,17.31,17.61,1011,1011,1010,79,-0.3,92,5.28,25,9.4,"n",NA,1850144,"Tokyo",35.6895,139.6917,"JP",12445327,32400,1730495045,1730533525
"200",0,40,1730570400,804,"Clouds","overcast clouds","04n",10000,0,"2024-11-02 18:00:00",17.45,17.1,17.45,17.45,1014,1014,1012,71,0,100,5.71,10,10.26,"n",NA,1850144,"Tokyo",35.6895,139.6917,"JP",12445327,32400,1730495045,1730533525
"200",0,40,1730581200,804,"Clouds","overcast clouds","04n",10000,0,"2024-11-02 21:00:00",17.71,17.18,17.71,17.71,1017,1017,1015,63,0,93,4.95,23,8.54,"n",NA,1850144,"Tokyo",35.6895,139.6917,"JP",12445327,32400,1730495045,1730533525
"200",0,40,1730592000,803,"Clouds","broken clouds","04d",10000,0,"2024-11-03 00:00:00",18.46,17.61,18.46,18.46,1019,1019,1017,48,0,64,6.36,19,7.04,"d",NA,1850144,"Tokyo",35.6895,139.6917,"JP",12445327,32400,1730495045,1730533525
"200",0,40,1730602800,800,"Clear","clear sky","01d",10000,0,"2024-11-03 03:00:00",19.86,18.95,19.86,19.86,1019,1019,1017,40,0,0,4.44,24,4.67,"d",NA,1850144,"Tokyo",35.6895,139.6917,"JP",12445327,32400,1730495045,1730533525
"200",0,40,1730613600,800,"Clear","clear sky","01d",10000,0,"2024-11-03 06:00:00",20.99,20.06,20.99,20.99,1019,1019,1018,35,0,0,3.37,61,3.41,"d",NA,1850144,"Tokyo",35.6895,139.6917,"JP",12445327,32400,1730495045,1730533525
"200",0,40,1730624400,800,"Clear","clear sky","01n",10000,0,"2024-11-03 09:00:00",19.25,18.25,19.25,19.25,1022,1022,1020,39,0,0,5.69,93,5.25,"n",NA,1850144,"Tokyo",35.6895,139.6917,"JP",12445327,32400,1730495045,1730533525
"200",0,40,1730635200,800,"Clear","clear sky","01n",10000,0,"2024-11-03 12:00:00",18.1,17.22,18.1,18.1,1023,1023,1022,48,0,0,4.29,115,5.56,"n",NA,1850144,"Tokyo",35.6895,139.6917,"JP",12445327,32400,1730495045,1730533525
"200",0,40,1730646000,800,"Clear","clear sky","01n",10000,0,"2024-11-03 15:00:00",17.49,16.7,17.49,17.49,1023,1023,1022,54,0,0,2.61,121,4.4,"n",NA,1850144,"Tokyo",35.6895,139.6917,"JP",12445327,32400,1730495045,1730533525
"200",0,40,1730656800,800,"Clear","clear sky","01n",10000,0,"2024-11-03 18:00:00",16.85,16.11,16.85,16.85,1023,1023,1021,58,0,0,1.56,118,2.48,"n",NA,1850144,"Tokyo",35.6895,139.6917,"JP",12445327,32400,1730495045,1730533525
"200",0,40,1730667600,800,"Clear","clear sky","01n",10000,0,"2024-11-03 21:00:00",16.46,15.73,16.46,16.46,1023,1023,1021,60,0,0,1.43,160,2.25,"n",NA,1850144,"Tokyo",35.6895,139.6917,"JP",12445327,32400,1730495045,1730533525
"200",0,40,1730678400,800,"Clear","clear sky","01d",10000,0,"2024-11-04 00:00:00",18.37,17.7,18.37,18.37,1023,1023,1021,55,0,0,2.45,196,4.31,"d",NA,1850144,"Tokyo",35.6895,139.6917,"JP",12445327,32400,1730495045,1730533525
"200",0,40,1730689200,800,"Clear","clear sky","01d",10000,0,"2024-11-04 03:00:00",21.07,20.54,21.07,21.07,1019,1019,1018,50,0,1,6.46,178,9.33,"d",NA,1850144,"Tokyo",35.6895,139.6917,"JP",12445327,32400,1730495045,1730533525
"200",0,40,1730700000,800,"Clear","clear sky","01d",10000,0,"2024-11-04 06:00:00",22.03,21.57,22.03,22.03,1017,1017,1015,49,0,8,8.32,190,10.7,"d",NA,1850144,"Tokyo",35.6895,139.6917,"JP",12445327,32400,1730495045,1730533525
"200",0,40,1730710800,800,"Clear","clear sky","01n",10000,0,"2024-11-04 09:00:00",21.37,21.02,21.37,21.37,1017,1017,1015,56,0,5,6.95,202,11.45,"n",NA,1850144,"Tokyo",35.6895,139.6917,"JP",12445327,32400,1730495045,1730533525
"200",0,40,1730721600,800,"Clear","clear sky","01n",10000,0,"2024-11-04 12:00:00",20.08,19.66,20.08,20.08,1016,1016,1014,58,0,3,5.11,222,8.84,"n",NA,1850144,"Tokyo",35.6895,139.6917,"JP",12445327,32400,1730495045,1730533525
"200",0,40,1730732400,800,"Clear","clear sky","01n",10000,0,"2024-11-04 15:00:00",18.8,18.2,18.8,18.8,1013,1013,1012,56,0,0,1.94,315,3.7,"n",NA,1850144,"Tokyo",35.6895,139.6917,"JP",12445327,32400,1730495045,1730533525
"200",0,40,1730743200,800,"Clear","clear sky","01n",10000,0,"2024-11-04 18:00:00",17.8,17.1,17.8,17.8,1012,1012,1011,56,0,0,2.09,346,2.57,"n",NA,1850144,"Tokyo",35.6895,139.6917,"JP",12445327,32400,1730495045,1730533525
"200",0,40,1730754000,803,"Clouds","broken clouds","04n",10000,0,"2024-11-04 21:00:00",17.26,16.56,17.26,17.26,1012,1012,1011,58,0,56,2.48,353,3.57,"n",NA,1850144,"Tokyo",35.6895,139.6917,"JP",12445327,32400,1730495045,1730533525
"200",0,40,1730764800,803,"Clouds","broken clouds","04d",10000,0,"2024-11-05 00:00:00",18.94,18.14,18.94,18.94,1013,1013,1011,48,0,66,4.78,350,6.32,"d",NA,1850144,"Tokyo",35.6895,139.6917,"JP",12445327,32400,1730495045,1730533525
"200",0,40,1730775600,804,"Clouds","overcast clouds","04d",10000,0,"2024-11-05 03:00:00",21.43,20.91,21.43,21.43,1012,1012,1010,49,0,100,4.79,56,5.2,"d",NA,1850144,"Tokyo",35.6895,139.6917,"JP",12445327,32400,1730495045,1730533525
"200",0,40,1730786400,804,"Clouds","overcast clouds","04d",10000,0,"2024-11-05 06:00:00",20.51,20.16,20.51,20.51,1013,1013,1011,59,0,100,7.1,75,6.48,"d",NA,1850144,"Tokyo",35.6895,139.6917,"JP",12445327,32400,1730495045,1730533525
"200",0,40,1730797200,500,"Rain","light rain","10n",10000,0.27,"2024-11-05 09:00:00",18.96,18.45,18.96,18.96,1014,1014,1013,59,0,100,6.93,91,7.66,"n",0.11,1850144,"Tokyo",35.6895,139.6917,"JP",12445327,32400,1730495045,1730533525
"200",0,40,1730808000,500,"Rain","light rain","10n",10000,1,"2024-11-05 12:00:00",17.05,16.64,17.05,17.05,1015,1015,1014,70,0,100,5.79,47,6.78,"n",1.34,1850144,"Tokyo",35.6895,139.6917,"JP",12445327,32400,1730495045,1730533525
"200",0,40,1730818800,501,"Rain","moderate rain","10n",10000,1,"2024-11-05 15:00:00",15.57,15.14,15.57,15.57,1016,1016,1014,75,0,100,5.48,43,7.25,"n",4.54,1850144,"Tokyo",35.6895,139.6917,"JP",12445327,32400,1730495045,1730533525
"200",0,40,1730829600,500,"Rain","light rain","10n",10000,1,"2024-11-05 18:00:00",14.44,13.92,14.44,14.44,1015,1015,1013,76,0,99,6.49,46,8.24,"n",0.19,1850144,"Tokyo",35.6895,139.6917,"JP",12445327,32400,1730495045,1730533525
"200",0,40,1730840400,500,"Rain","light rain","10n",10000,0.62,"2024-11-05 21:00:00",14.13,13.5,14.13,14.13,1016,1016,1014,73,0,99,5.19,47,5.73,"n",0.34,1850144,"Tokyo",35.6895,139.6917,"JP",12445327,32400,1730495045,1730533525
"200",0,40,1730851200,500,"Rain","light rain","10d",10000,0.26,"2024-11-06 00:00:00",14.43,13.73,14.43,14.43,1017,1017,1015,69,0,100,4.69,52,5.51,"d",0.13,1850144,"Tokyo",35.6895,139.6917,"JP",12445327,32400,1730495045,1730533525
"200",0,40,1730862000,804,"Clouds","overcast clouds","04d",10000,0,"2024-11-06 03:00:00",15,14.38,15,15,1015,1015,1013,70,0,100,4.87,35,4.99,"d",NA,1850144,"Tokyo",35.6895,139.6917,"JP",12445327,32400,1730495045,1730533525
"200",0,40,1730872800,804,"Clouds","overcast clouds","04d",10000,0,"2024-11-06 06:00:00",15.43,14.67,15.43,15.43,1015,1015,1013,63,0,98,4.93,30,4.76,"d",NA,1850144,"Tokyo",35.6895,139.6917,"JP",12445327,32400,1730495045,1730533525
"200",0,40,1730883600,803,"Clouds","broken clouds","04n",10000,0,"2024-11-06 09:00:00",14.55,13.71,14.55,14.55,1016,1016,1014,63,0,77,5.28,8,4.94,"n",NA,1850144,"Tokyo",35.6895,139.6917,"JP",12445327,32400,1730495045,1730533525
"200",0,40,1730894400,804,"Clouds","overcast clouds","04n",10000,0,"2024-11-06 12:00:00",13.91,13.11,13.91,13.91,1017,1017,1015,67,0,89,3.12,10,3.09,"n",NA,1850144,"Tokyo",35.6895,139.6917,"JP",12445327,32400,1730495045,1730533525
"200",0,40,1730905200,803,"Clouds","broken clouds","04n",10000,0,"2024-11-06 15:00:00",13.8,13.01,13.8,13.8,1015,1015,1013,68,0,83,1.99,355,1.48,"n",NA,1850144,"Tokyo",35.6895,139.6917,"JP",12445327,32400,1730495045,1730533525
"200",0,40,1730916000,804,"Clouds","overcast clouds","04n",10000,0,"2024-11-06 18:00:00",13.8,12.85,13.8,13.8,1015,1015,1013,62,0,85,3.14,350,3.37,"n",NA,1850144,"Tokyo",35.6895,139.6917,"JP",12445327,32400,1730495045,1730533525
"200",0,40,1730926800,802,"Clouds","scattered clouds","03n",10000,0,"2024-11-06 21:00:00",13.65,12.53,13.65,13.65,1015,1015,1013,56,0,41,4.03,345,9.31,"n",NA,1850144,"Tokyo",35.6895,139.6917,"JP",12445327,32400,1730495045,1730533525
"200",0,40,1730937600,801,"Clouds","few clouds","02d",10000,0,"2024-11-07 00:00:00",14.04,12.44,14.04,14.04,1018,1018,1016,36,0,20,11.8,340,15.03,"d",NA,1850144,"Tokyo",35.6895,139.6917,"JP",12445327,32400,1730495045,1730533525
"200",0,40,1730948400,800,"Clear","clear sky","01d",10000,0,"2024-11-07 03:00:00",15.37,13.75,15.37,15.37,1018,1018,1016,30,0,1,11.59,343,12.27,"d",NA,1850144,"Tokyo",35.6895,139.6917,"JP",12445327,32400,1730495045,1730533525
"200",0,40,1730959200,802,"Clouds","scattered clouds","03d",10000,0,"2024-11-07 06:00:00",14.76,13.02,14.76,14.76,1019,1019,1017,28,0,29,10.98,355,11.87,"d",NA,1850144,"Tokyo",35.6895,139.6917,"JP",12445327,32400,1730495045,1730533525
"200",0,40,1730538000,800,"Clear","clear sky","01n",10000,0,"2024-11-02 09:00:00",21.76,21.27,20.37,21.76,1020,1020,1010,49,1.39,0,1.86,58,3.39,"n",NA,1835848,"Seoul",37.5683,126.9778,"KR",10349312,32400,1730498279,1730536393
"200",0,40,1730548800,800,"Clear","clear sky","01n",10000,0,"2024-11-02 12:00:00",20.62,20.1,18.34,20.62,1021,1021,1013,52,2.28,0,1.72,62,2.83,"n",NA,1835848,"Seoul",37.5683,126.9778,"KR",10349312,32400,1730498279,1730536393
"200",0,40,1730559600,800,"Clear","clear sky","01n",10000,0,"2024-11-02 15:00:00",18.49,17.91,16.86,18.49,1022,1022,1013,58,1.63,0,1.18,88,1.74,"n",NA,1835848,"Seoul",37.5683,126.9778,"KR",10349312,32400,1730498279,1730536393
"200",0,40,1730570400,800,"Clear","clear sky","01n",10000,0,"2024-11-02 18:00:00",15.62,14.93,15.62,15.62,1023,1023,1013,65,0,0,1.14,74,1.36,"n",NA,1835848,"Seoul",37.5683,126.9778,"KR",10349312,32400,1730498279,1730536393
"200",0,40,1730581200,800,"Clear","clear sky","01n",10000,0,"2024-11-02 21:00:00",14.6,13.87,14.6,14.6,1023,1023,1013,67,0,0,1.29,84,1.88,"n",NA,1835848,"Seoul",37.5683,126.9778,"KR",10349312,32400,1730498279,1730536393
"200",0,40,1730592000,800,"Clear","clear sky","01d",10000,0,"2024-11-03 00:00:00",15.67,14.86,15.67,15.67,1024,1024,1014,60,0,0,1.48,105,2.06,"d",NA,1835848,"Seoul",37.5683,126.9778,"KR",10349312,32400,1730498279,1730536393
"200",0,40,1730602800,800,"Clear","clear sky","01d",10000,0,"2024-11-03 03:00:00",19.7,18.82,19.7,19.7,1022,1022,1013,42,0,0,1.71,145,2.41,"d",NA,1835848,"Seoul",37.5683,126.9778,"KR",10349312,32400,1730498279,1730536393
"200",0,40,1730613600,800,"Clear","clear sky","01d",10000,0,"2024-11-03 06:00:00",21.68,20.79,21.68,21.68,1020,1020,1011,34,0,0,2.9,223,3.89,"d",NA,1835848,"Seoul",37.5683,126.9778,"KR",10349312,32400,1730498279,1730536393
"200",0,40,1730624400,800,"Clear","clear sky","01n",10000,0,"2024-11-03 09:00:00",18.99,18.43,18.99,18.99,1021,1021,1011,57,0,0,3.06,243,5.32,"n",NA,1835848,"Seoul",37.5683,126.9778,"KR",10349312,32400,1730498279,1730536393
"200",0,40,1730635200,800,"Clear","clear sky","01n",10000,0,"2024-11-03 12:00:00",17.72,17.51,17.72,17.72,1020,1020,1011,75,0,0,2.51,210,6.54,"n",NA,1835848,"Seoul",37.5683,126.9778,"KR",10349312,32400,1730498279,1730536393
"200",0,40,1730646000,500,"Rain","light rain","10n",10000,0.2,"2024-11-03 15:00:00",16.95,16.84,16.95,16.95,1020,1020,1010,82,0,56,3.08,200,7.77,"n",0.1,1835848,"Seoul",37.5683,126.9778,"KR",10349312,32400,1730498279,1730536393
"200",0,40,1730656800,500,"Rain","light rain","10n",10000,1,"2024-11-03 18:00:00",16.82,16.72,16.82,16.82,1019,1019,1009,83,0,71,4.05,246,9.28,"n",1.32,1835848,"Seoul",37.5683,126.9778,"KR",10349312,32400,1730498279,1730536393
"200",0,40,1730667600,500,"Rain","light rain","10n",10000,0.5,"2024-11-03 21:00:00",17.18,16.86,17.18,17.18,1018,1018,1008,73,0,100,3.98,256,8.35,"n",0.32,1835848,"Seoul",37.5683,126.9778,"KR",10349312,32400,1730498279,1730536393
"200",0,40,1730678400,500,"Rain","light rain","10d",10000,0.3,"2024-11-04 00:00:00",17.34,16.91,17.34,17.34,1018,1018,1009,68,0,98,5.15,282,8.88,"d",0.18,1835848,"Seoul",37.5683,126.9778,"KR",10349312,32400,1730498279,1730536393
"200",0,40,1730689200,800,"Clear","clear sky","01d",10000,0,"2024-11-04 03:00:00",16.32,15.1,16.32,16.32,1019,1019,1010,42,0,2,6.78,306,9.39,"d",NA,1835848,"Seoul",37.5683,126.9778,"KR",10349312,32400,1730498279,1730536393
"200",0,40,1730700000,802,"Clouds","scattered clouds","03d",10000,0,"2024-11-04 06:00:00",15.02,13.33,15.02,15.02,1019,1019,1009,29,0,37,6.18,307,8.51,"d",NA,1835848,"Seoul",37.5683,126.9778,"KR",10349312,32400,1730498279,1730536393
"200",0,40,1730710800,803,"Clouds","broken clouds","04n",10000,0,"2024-11-04 09:00:00",11.99,10.26,11.99,11.99,1020,1020,1010,39,0,51,5.74,317,7,"n",NA,1835848,"Seoul",37.5683,126.9778,"KR",10349312,32400,1730498279,1730536393
"200",0,40,1730721600,802,"Clouds","scattered clouds","03n",10000,0,"2024-11-04 12:00:00",10.84,9.13,10.84,10.84,1022,1022,1012,44,0,30,3.89,306,6.67,"n",NA,1835848,"Seoul",37.5683,126.9778,"KR",10349312,32400,1730498279,1730536393
"200",0,40,1730732400,803,"Clouds","broken clouds","04n",10000,0,"2024-11-04 15:00:00",9.49,7.56,9.49,9.49,1022,1022,1012,45,0,76,3.62,302,5.3,"n",NA,1835848,"Seoul",37.5683,126.9778,"KR",10349312,32400,1730498279,1730536393
"200",0,40,1730743200,804,"Clouds","overcast clouds","04n",10000,0,"2024-11-04 18:00:00",9.08,8.37,9.08,9.08,1022,1022,1012,45,0,88,1.72,314,2.5,"n",NA,1835848,"Seoul",37.5683,126.9778,"KR",10349312,32400,1730498279,1730536393
"200",0,40,1730754000,804,"Clouds","overcast clouds","04n",10000,0,"2024-11-04 21:00:00",9.25,8.37,9.25,9.25,1023,1023,1013,46,0,100,1.94,327,2.63,"n",NA,1835848,"Seoul",37.5683,126.9778,"KR",10349312,32400,1730498279,1730536393
"200",0,40,1730764800,803,"Clouds","broken clouds","04d",10000,0,"2024-11-05 00:00:00",9.54,8.8,9.54,9.54,1024,1024,1014,45,0,78,1.83,322,2.3,"d",NA,1835848,"Seoul",37.5683,126.9778,"KR",10349312,32400,1730498279,1730536393
"200",0,40,1730775600,801,"Clouds","few clouds","02d",10000,0,"2024-11-05 03:00:00",12.04,10.21,12.04,12.04,1023,1023,1013,35,0,11,3.5,301,3.49,"d",NA,1835848,"Seoul",37.5683,126.9778,"KR",10349312,32400,1730498279,1730536393
"200",0,40,1730786400,801,"Clouds","few clouds","02d",10000,0,"2024-11-05 06:00:00",12.58,10.29,12.58,12.58,1022,1022,1012,15,0,18,5.71,314,6.46,"d",NA,1835848,"Seoul",37.5683,126.9778,"KR",10349312,32400,1730498279,1730536393
"200",0,40,1730797200,800,"Clear","clear sky","01n",10000,0,"2024-11-05 09:00:00",10.51,8.22,10.51,10.51,1024,1024,1014,23,0,0,5.28,320,7.94,"n",NA,1835848,"Seoul",37.5683,126.9778,"KR",10349312,32400,1730498279,1730536393
"200",0,40,1730808000,800,"Clear","clear sky","01n",10000,0,"2024-11-05 12:00:00",9.27,7.05,9.27,9.27,1025,1025,1015,29,0,0,4.12,318,9.48,"n",NA,1835848,"Seoul",37.5683,126.9778,"KR",10349312,32400,1730498279,1730536393
"200",0,40,1730818800,800,"Clear","clear sky","01n",10000,0,"2024-11-05 15:00:00",8.93,7.67,8.93,8.93,1025,1025,1014,35,0,2,2.34,313,6.81,"n",NA,1835848,"Seoul",37.5683,126.9778,"KR",10349312,32400,1730498279,1730536393
"200",0,40,1730829600,800,"Clear","clear sky","01n",10000,0,"2024-11-05 18:00:00",8.53,6.92,8.53,8.53,1025,1025,1015,37,0,5,2.73,297,7.44,"n",NA,1835848,"Seoul",37.5683,126.9778,"KR",10349312,32400,1730498279,1730536393
"200",0,40,1730840400,800,"Clear","clear sky","01n",10000,0,"2024-11-05 21:00:00",7.17,4.03,7.17,7.17,1026,1026,1016,30,0,3,5.05,315,11.12,"n",NA,1835848,"Seoul",37.5683,126.9778,"KR",10349312,32400,1730498279,1730536393
"200",0,40,1730851200,800,"Clear","clear sky","01d",10000,0,"2024-11-06 00:00:00",7.25,3.89,7.25,7.25,1027,1027,1017,32,0,1,5.63,312,12.26,"d",NA,1835848,"Seoul",37.5683,126.9778,"KR",10349312,32400,1730498279,1730536393
"200",0,40,1730862000,800,"Clear","clear sky","01d",10000,0,"2024-11-06 03:00:00",8.65,5.42,8.65,8.65,1027,1027,1017,29,0,0,6.32,305,9.82,"d",NA,1835848,"Seoul",37.5683,126.9778,"KR",10349312,32400,1730498279,1730536393
"200",0,40,1730872800,800,"Clear","clear sky","01d",10000,0,"2024-11-06 06:00:00",9.11,6.03,9.11,9.11,1026,1026,1016,21,0,0,6.24,311,8.5,"d",NA,1835848,"Seoul",37.5683,126.9778,"KR",10349312,32400,1730498279,1730536393
"200",0,40,1730883600,800,"Clear","clear sky","01n",10000,0,"2024-11-06 09:00:00",7.59,4.45,7.59,7.59,1027,1027,1017,26,0,0,5.31,320,7.73,"n",NA,1835848,"Seoul",37.5683,126.9778,"KR",10349312,32400,1730498279,1730536393
"200",0,40,1730894400,800,"Clear","clear sky","01n",10000,0,"2024-11-06 12:00:00",6.61,3.6,6.61,6.61,1029,1029,1018,29,0,0,4.47,315,8.08,"n",NA,1835848,"Seoul",37.5683,126.9778,"KR",10349312,32400,1730498279,1730536393
"200",0,40,1730905200,800,"Clear","clear sky","01n",10000,0,"2024-11-06 15:00:00",5.98,3.07,5.98,5.98,1030,1030,1020,29,0,0,3.99,311,7.91,"n",NA,1835848,"Seoul",37.5683,126.9778,"KR",10349312,32400,1730498279,1730536393
"200",0,40,1730916000,800,"Clear","clear sky","01n",10000,0,"2024-11-06 18:00:00",5.25,2.38,5.25,5.25,1030,1030,1020,28,0,0,3.64,326,8.2,"n",NA,1835848,"Seoul",37.5683,126.9778,"KR",10349312,32400,1730498279,1730536393
"200",0,40,1730926800,800,"Clear","clear sky","01n",10000,0,"2024-11-06 21:00:00",4.53,2.51,4.53,4.53,1031,1031,1020,29,0,0,2.31,316,3.56,"n",NA,1835848,"Seoul",37.5683,126.9778,"KR",10349312,32400,1730498279,1730536393
"200",0,40,1730937600,800,"Clear","clear sky","01d",10000,0,"2024-11-07 00:00:00",5.24,4.26,5.24,5.24,1032,1032,1022,28,0,0,1.47,19,2.05,"d",NA,1835848,"Seoul",37.5683,126.9778,"KR",10349312,32400,1730498279,1730536393
"200",0,40,1730948400,800,"Clear","clear sky","01d",10000,0,"2024-11-07 03:00:00",8.62,8.62,8.62,8.62,1032,1032,1021,19,0,0,0.49,75,0.85,"d",NA,1835848,"Seoul",37.5683,126.9778,"KR",10349312,32400,1730498279,1730536393
"200",0,40,1730959200,800,"Clear","clear sky","01d",10000,0,"2024-11-07 06:00:00",10.39,7.88,10.39,10.39,1030,1030,1020,15,0,0,1.08,334,0.83,"d",NA,1835848,"Seoul",37.5683,126.9778,"KR",10349312,32400,1730498279,1730536393
"200",0,40,1730538000,804,"Clouds","overcast clouds","04d",10000,0,"2024-11-02 09:00:00",11.86,11.48,11.86,12.44,1031,1031,1026,91,-0.58,100,2,61,6.46,"d",NA,2643743,"London",51.5085,-0.1257,"GB",1000000,0,1730530576,1730565106
"200",0,40,1730548800,804,"Clouds","overcast clouds","04d",10000,0,"2024-11-02 12:00:00",12.71,12.26,12.71,14.42,1031,1031,1026,85,-1.71,100,2.67,96,7.11,"d",NA,2643743,"London",51.5085,-0.1257,"GB",1000000,0,1730530576,1730565106
"200",0,40,1730559600,803,"Clouds","broken clouds","04d",10000,0,"2024-11-02 15:00:00",14.12,13.55,14.12,15.25,1030,1030,1025,75,-1.13,80,2.9,88,4.92,"d",NA,2643743,"London",51.5085,-0.1257,"GB",1000000,0,1730530576,1730565106
"200",0,40,1730570400,802,"Clouds","scattered clouds","03n",10000,0,"2024-11-02 18:00:00",12.93,12.52,12.93,12.93,1030,1030,1026,86,0,45,3.26,86,7.05,"n",NA,2643743,"London",51.5085,-0.1257,"GB",1000000,0,1730530576,1730565106
"200",0,40,1730581200,804,"Clouds","overcast clouds","04n",10000,0,"2024-11-02 21:00:00",13.13,12.43,13.13,13.13,1031,1031,1026,74,0,91,3.79,95,6.63,"n",NA,2643743,"London",51.5085,-0.1257,"GB",1000000,0,1730530576,1730565106
"200",0,40,1730592000,804,"Clouds","overcast clouds","04n",10000,0,"2024-11-03 00:00:00",13.16,12.44,13.16,13.16,1030,1030,1026,73,0,96,2.7,94,5.22,"n",NA,2643743,"London",51.5085,-0.1257,"GB",1000000,0,1730530576,1730565106
"200",0,40,1730602800,802,"Clouds","scattered clouds","03n",10000,0,"2024-11-03 03:00:00",11.28,10.66,11.28,11.28,1029,1029,1025,84,0,39,1.92,57,5.28,"n",NA,2643743,"London",51.5085,-0.1257,"GB",1000000,0,1730530576,1730565106
"200",0,40,1730613600,801,"Clouds","few clouds","02n",10000,0,"2024-11-03 06:00:00",10.39,9.83,10.39,10.39,1029,1029,1025,90,0,20,1.98,53,5.72,"n",NA,2643743,"London",51.5085,-0.1257,"GB",1000000,0,1730530576,1730565106
"200",0,40,1730624400,800,"Clear","clear sky","01d",10000,0,"2024-11-03 09:00:00",11.64,11.05,11.64,11.64,1029,1029,1025,84,0,7,2.55,74,6.59,"d",NA,2643743,"London",51.5085,-0.1257,"GB",1000000,0,1730530576,1730565106
"200",0,40,1730635200,800,"Clear","clear sky","01d",10000,0,"2024-11-03 12:00:00",14.77,13.95,14.77,14.77,1028,1028,1024,63,0,10,3.33,91,4.98,"d",NA,2643743,"London",51.5085,-0.1257,"GB",1000000,0,1730530576,1730565106
"200",0,40,1730646000,802,"Clouds","scattered clouds","03d",10000,0,"2024-11-03 15:00:00",14.34,13.55,14.34,14.34,1027,1027,1023,66,0,45,3.73,85,5.33,"d",NA,2643743,"London",51.5085,-0.1257,"GB",1000000,0,1730530576,1730565106
"200",0,40,1730656800,802,"Clouds","scattered clouds","03n",10000,0,"2024-11-03 18:00:00",12.04,11.39,12.04,12.04,1027,1027,1023,80,0,28,2.94,86,7.62,"n",NA,2643743,"London",51.5085,-0.1257,"GB",1000000,0,1730530576,1730565106
"200",0,40,1730667600,800,"Clear","clear sky","01n",10000,0,"2024-11-03 21:00:00",11.1,10.49,11.1,11.1,1027,1027,1023,85,0,2,1.82,79,6.19,"n",NA,2643743,"London",51.5085,-0.1257,"GB",1000000,0,1730530576,1730565106
"200",0,40,1730678400,800,"Clear","clear sky","01n",10000,0,"2024-11-04 00:00:00",10.45,9.85,10.45,10.45,1027,1027,1023,88,0,3,1.77,74,4.95,"n",NA,2643743,"London",51.5085,-0.1257,"GB",1000000,0,1730530576,1730565106
"200",0,40,1730689200,800,"Clear","clear sky","01n",10000,0,"2024-11-04 03:00:00",9.89,9.24,9.89,9.89,1026,1026,1022,88,0,6,1.79,78,4.9,"n",NA,2643743,"London",51.5085,-0.1257,"GB",1000000,0,1730530576,1730565106
"200",0,40,1730700000,801,"Clouds","few clouds","02n",10000,0,"2024-11-04 06:00:00",9.44,8.82,9.44,9.44,1026,1026,1022,89,0,12,1.69,70,3.19,"n",NA,2643743,"London",51.5085,-0.1257,"GB",1000000,0,1730530576,1730565106
"200",0,40,1730710800,803,"Clouds","broken clouds","04d",10000,0,"2024-11-04 09:00:00",10.85,10.16,10.85,10.85,1026,1026,1022,83,0,69,1.84,71,5.22,"d",NA,2643743,"London",51.5085,-0.1257,"GB",1000000,0,1730530576,1730565106
"200",0,40,1730721600,804,"Clouds","overcast clouds","04d",10000,0,"2024-11-04 12:00:00",14.19,13.36,14.19,14.19,1025,1025,1021,65,0,85,3.05,92,4.92,"d",NA,2643743,"London",51.5085,-0.1257,"GB",1000000,0,1730530576,1730565106
"200",0,40,1730732400,804,"Clouds","overcast clouds","04d",10000,0,"2024-11-04 15:00:00",14.14,13.33,14.14,14.14,1024,1024,1019,66,0,100,2.92,86,4.67,"d",NA,2643743,"London",51.5085,-0.1257,"GB",1000000,0,1730530576,1730565106
"200",0,40,1730743200,804,"Clouds","overcast clouds","04n",10000,0,"2024-11-04 18:00:00",12.02,11.26,12.02,12.02,1024,1024,1019,76,0,100,2.09,80,5.33,"n",NA,2643743,"London",51.5085,-0.1257,"GB",1000000,0,1730530576,1730565106
"200",0,40,1730754000,804,"Clouds","overcast clouds","04n",10000,0,"2024-11-04 21:00:00",11.27,10.49,11.27,11.27,1023,1023,1019,78,0,100,1.7,65,4.02,"n",NA,2643743,"London",51.5085,-0.1257,"GB",1000000,0,1730530576,1730565106
"200",0,40,1730764800,804,"Clouds","overcast clouds","04n",10000,0,"2024-11-05 00:00:00",10.58,9.76,10.58,10.58,1022,1022,1018,79,0,100,1.37,85,1.88,"n",NA,2643743,"London",51.5085,-0.1257,"GB",1000000,0,1730530576,1730565106
"200",0,40,1730775600,804,"Clouds","overcast clouds","04n",10000,0,"2024-11-05 03:00:00",10.15,9.31,10.15,10.15,1021,1021,1017,80,0,93,0.99,102,0.99,"n",NA,2643743,"London",51.5085,-0.1257,"GB",1000000,0,1730530576,1730565106
"200",0,40,1730786400,803,"Clouds","broken clouds","04n",10000,0,"2024-11-05 06:00:00",9.79,9.79,9.79,9.79,1021,1021,1017,79,0,56,0.87,89,0.88,"n",NA,2643743,"London",51.5085,-0.1257,"GB",1000000,0,1730530576,1730565106
"200",0,40,1730797200,802,"Clouds","scattered clouds","03d",10000,0,"2024-11-05 09:00:00",11.24,10.27,11.24,11.24,1021,1021,1017,71,0,44,0.66,93,0.91,"d",NA,2643743,"London",51.5085,-0.1257,"GB",1000000,0,1730530576,1730565106
"200",0,40,1730808000,802,"Clouds","scattered clouds","03d",10000,0,"2024-11-05 12:00:00",14.76,13.75,14.76,14.76,1021,1021,1017,56,0,31,1.04,143,1.74,"d",NA,2643743,"London",51.5085,-0.1257,"GB",1000000,0,1730530576,1730565106
"200",0,40,1730818800,803,"Clouds","broken clouds","04d",10000,0,"2024-11-05 15:00:00",15.48,14.68,15.48,15.48,1021,1021,1016,61,0,66,0.55,162,0.7,"d",NA,2643743,"London",51.5085,-0.1257,"GB",1000000,0,1730530576,1730565106
"200",0,40,1730829600,804,"Clouds","overcast clouds","04n",10000,0,"2024-11-05 18:00:00",13.48,12.87,13.48,13.48,1022,1022,1017,76,0,85,1.09,166,1.13,"n",NA,2643743,"London",51.5085,-0.1257,"GB",1000000,0,1730530576,1730565106
"200",0,40,1730840400,804,"Clouds","overcast clouds","04n",10000,0,"2024-11-05 21:00:00",12.63,12.12,12.63,12.63,1022,1022,1018,83,0,100,1.22,194,1.2,"n",NA,2643743,"London",51.5085,-0.1257,"GB",1000000,0,1730530576,1730565106
"200",0,40,1730851200,804,"Clouds","overcast clouds","04n",10000,0,"2024-11-06 00:00:00",12.13,11.7,12.13,12.13,1023,1023,1019,88,0,100,0.95,189,0.94,"n",NA,2643743,"London",51.5085,-0.1257,"GB",1000000,0,1730530576,1730565106
"200",0,40,1730862000,804,"Clouds","overcast clouds","04n",10000,0,"2024-11-06 03:00:00",11.84,11.51,11.84,11.84,1023,1023,1019,93,0,97,0.9,208,0.89,"n",NA,2643743,"London",51.5085,-0.1257,"GB",1000000,0,1730530576,1730565106
"200",0,40,1730872800,500,"Rain","light rain","10n",10000,0.2,"2024-11-06 06:00:00",12.08,11.8,12.08,12.08,1024,1024,1020,94,0,98,0.47,122,0.37,"n",0.17,2643743,"London",51.5085,-0.1257,"GB",1000000,0,1730530576,1730565106
"200",0,40,1730883600,500,"Rain","light rain","10d",10000,0.31,"2024-11-06 09:00:00",12.66,12.41,12.66,12.66,1026,1026,1021,93,0,95,0.85,241,0.76,"d",0.26,2643743,"London",51.5085,-0.1257,"GB",1000000,0,1730530576,1730565106
"200",0,40,1730894400,803,"Clouds","broken clouds","04d",10000,0,"2024-11-06 12:00:00",15.73,15.4,15.73,15.73,1025,1025,1021,78,0,71,0.36,217,0.8,"d",NA,2643743,"London",51.5085,-0.1257,"GB",1000000,0,1730530576,1730565106
"200",0,40,1730905200,801,"Clouds","few clouds","02d",10000,0,"2024-11-06 15:00:00",16.4,16.03,16.4,16.4,1026,1026,1021,74,0,20,1.03,296,1.91,"d",NA,2643743,"London",51.5085,-0.1257,"GB",1000000,0,1730530576,1730565106
"200",0,40,1730916000,802,"Clouds","scattered clouds","03n",10000,0,"2024-11-06 18:00:00",14.29,13.99,14.29,14.29,1026,1026,1022,85,0,34,0.72,92,0.71,"n",NA,2643743,"London",51.5085,-0.1257,"GB",1000000,0,1730530576,1730565106
"200",0,40,1730926800,801,"Clouds","few clouds","02n",10000,0,"2024-11-06 21:00:00",13.29,13.05,13.29,13.29,1026,1026,1022,91,0,24,1.07,84,1.07,"n",NA,2643743,"London",51.5085,-0.1257,"GB",1000000,0,1730530576,1730565106
"200",0,40,1730937600,803,"Clouds","broken clouds","04n",10000,0,"2024-11-07 00:00:00",13.43,13.18,13.43,13.43,1025,1025,1021,90,0,57,1.18,89,1.14,"n",NA,2643743,"London",51.5085,-0.1257,"GB",1000000,0,1730530576,1730565106
"200",0,40,1730948400,804,"Clouds","overcast clouds","04n",10000,0,"2024-11-07 03:00:00",13.19,12.99,13.19,13.19,1025,1025,1020,93,0,99,1.42,71,2.07,"n",NA,2643743,"London",51.5085,-0.1257,"GB",1000000,0,1730530576,1730565106
"200",0,40,1730959200,500,"Rain","light rain","10n",10000,0.2,"2024-11-07 06:00:00",12.96,12.82,12.96,12.96,1024,1024,1019,96,0,100,1.49,88,3.28,"n",0.12,2643743,"London",51.5085,-0.1257,"GB",1000000,0,1730530576,1730565106
"200",0,40,1730538000,800,"Clear","clear sky","01d",10000,0,"2024-11-02 09:00:00",6.43,6.43,6.43,7.27,1030,1030,1029,28,-0.84,9,0.63,27,0.71,"d",NA,2618425,"Copenhagen",55.6759,12.5655,"DK",15000,3600,1730528293,1730561297
"200",0,40,1730548800,801,"Clouds","few clouds","02d",10000,0,"2024-11-02 12:00:00",7.07,5.34,7.07,8.34,1031,1031,1030,32,-1.27,22,2.52,246,3.21,"d",NA,2618425,"Copenhagen",55.6759,12.5655,"DK",15000,3600,1730528293,1730561297
"200",0,40,1730559600,803,"Clouds","broken clouds","04d",10000,0,"2024-11-02 15:00:00",7.63,5.32,7.63,8.23,1031,1031,1030,45,-0.6,61,3.57,254,4.59,"d",NA,2618425,"Copenhagen",55.6759,12.5655,"DK",15000,3600,1730528293,1730561297
"200",0,40,1730570400,804,"Clouds","overcast clouds","04n",10000,0,"2024-11-02 18:00:00",6.64,3.98,6.64,6.64,1032,1032,1030,60,0,95,3.8,257,7.02,"n",NA,2618425,"Copenhagen",55.6759,12.5655,"DK",15000,3600,1730528293,1730561297
"200",0,40,1730581200,804,"Clouds","overcast clouds","04n",10000,0,"2024-11-02 21:00:00",6.48,3.57,6.48,6.48,1031,1031,1030,63,0,100,4.21,249,7.51,"n",NA,2618425,"Copenhagen",55.6759,12.5655,"DK",15000,3600,1730528293,1730561297
"200",0,40,1730592000,804,"Clouds","overcast clouds","04n",10000,0,"2024-11-03 00:00:00",6.4,2.84,6.4,6.4,1030,1030,1029,75,0,100,5.58,249,10.14,"n",NA,2618425,"Copenhagen",55.6759,12.5655,"DK",15000,3600,1730528293,1730561297
"200",0,40,1730602800,804,"Clouds","overcast clouds","04n",10000,0,"2024-11-03 03:00:00",6.26,2.41,6.26,6.26,1028,1028,1026,84,0,100,6.21,249,12.5,"n",NA,2618425,"Copenhagen",55.6759,12.5655,"DK",15000,3600,1730528293,1730561297
"200",0,40,1730613600,804,"Clouds","overcast clouds","04n",10000,0,"2024-11-03 06:00:00",8.1,4.44,8.1,8.1,1026,1026,1025,81,0,100,7.17,255,14.58,"n",NA,2618425,"Copenhagen",55.6759,12.5655,"DK",15000,3600,1730528293,1730561297
"200",0,40,1730624400,804,"Clouds","overcast clouds","04d",10000,0,"2024-11-03 09:00:00",10.69,9.96,10.69,10.69,1025,1025,1024,82,0,92,7.97,273,13.8,"d",NA,2618425,"Copenhagen",55.6759,12.5655,"DK",15000,3600,1730528293,1730561297
"200",0,40,1730635200,804,"Clouds","overcast clouds","04d",10000,0,"2024-11-03 12:00:00",12.52,11.89,12.52,12.52,1024,1024,1022,79,0,87,8.71,275,14.56,"d",NA,2618425,"Copenhagen",55.6759,12.5655,"DK",15000,3600,1730528293,1730561297
"200",0,40,1730646000,803,"Clouds","broken clouds","04d",10000,0,"2024-11-03 15:00:00",12.36,11.66,12.36,12.36,1023,1023,1021,77,0,58,9.42,280,16.07,"d",NA,2618425,"Copenhagen",55.6759,12.5655,"DK",15000,3600,1730528293,1730561297
"200",0,40,1730656800,802,"Clouds","scattered clouds","03n",10000,0,"2024-11-03 18:00:00",11.86,11.14,11.86,11.86,1022,1022,1021,78,0,33,9.78,286,17.87,"n",NA,2618425,"Copenhagen",55.6759,12.5655,"DK",15000,3600,1730528293,1730561297
"200",0,40,1730667600,802,"Clouds","scattered clouds","03n",10000,0,"2024-11-03 21:00:00",11.59,11.05,11.59,11.59,1023,1023,1022,86,0,42,7.78,313,13.08,"n",NA,2618425,"Copenhagen",55.6759,12.5655,"DK",15000,3600,1730528293,1730561297
"200",0,40,1730678400,500,"Rain","light rain","10n",10000,0.2,"2024-11-04 00:00:00",11.52,11.05,11.52,11.52,1025,1025,1023,89,0,72,5.03,319,9.21,"n",0.1,2618425,"Copenhagen",55.6759,12.5655,"DK",15000,3600,1730528293,1730561297
"200",0,40,1730689200,500,"Rain","light rain","10n",10000,0.2,"2024-11-04 03:00:00",11.07,10.66,11.07,11.07,1026,1026,1024,93,0,100,2.78,294,4.56,"n",0.21,2618425,"Copenhagen",55.6759,12.5655,"DK",15000,3600,1730528293,1730561297
"200",0,40,1730700000,500,"Rain","light rain","10n",10000,0.2,"2024-11-04 06:00:00",10.98,10.59,10.98,10.98,1027,1027,1026,94,0,100,0.94,1,1.12,"n",0.1,2618425,"Copenhagen",55.6759,12.5655,"DK",15000,3600,1730528293,1730561297
"200",0,40,1730710800,500,"Rain","light rain","10d",10000,0.2,"2024-11-04 09:00:00",10.88,10.32,10.88,10.88,1029,1029,1028,88,0,100,4.92,129,6.96,"d",0.19,2618425,"Copenhagen",55.6759,12.5655,"DK",15000,3600,1730528293,1730561297
"200",0,40,1730721600,804,"Clouds","overcast clouds","04d",10000,0,"2024-11-04 12:00:00",11.12,10.43,11.12,11.12,1029,1029,1028,82,0,100,4.17,139,5.82,"d",NA,2618425,"Copenhagen",55.6759,12.5655,"DK",15000,3600,1730528293,1730561297
"200",0,40,1730732400,804,"Clouds","overcast clouds","04d",10000,0,"2024-11-04 15:00:00",10.88,10.14,10.88,10.88,1029,1029,1028,81,0,100,4.28,150,6.29,"d",NA,2618425,"Copenhagen",55.6759,12.5655,"DK",15000,3600,1730528293,1730561297
"200",0,40,1730743200,804,"Clouds","overcast clouds","04n",10000,0,"2024-11-04 18:00:00",10.73,10.05,10.73,10.73,1030,1030,1028,84,0,100,3.91,148,5.72,"n",NA,2618425,"Copenhagen",55.6759,12.5655,"DK",15000,3600,1730528293,1730561297
"200",0,40,1730754000,804,"Clouds","overcast clouds","04n",10000,0,"2024-11-04 21:00:00",10.63,9.99,10.63,10.63,1029,1029,1028,86,0,100,4.28,150,6.45,"n",NA,2618425,"Copenhagen",55.6759,12.5655,"DK",15000,3600,1730528293,1730561297
"200",0,40,1730764800,804,"Clouds","overcast clouds","04n",10000,0,"2024-11-05 00:00:00",10.55,9.88,10.55,10.55,1029,1029,1027,85,0,100,3.87,162,6.04,"n",NA,2618425,"Copenhagen",55.6759,12.5655,"DK",15000,3600,1730528293,1730561297
"200",0,40,1730775600,804,"Clouds","overcast clouds","04n",10000,0,"2024-11-05 03:00:00",10.53,9.99,10.53,10.53,1028,1028,1027,90,0,100,3.08,153,4.96,"n",NA,2618425,"Copenhagen",55.6759,12.5655,"DK",15000,3600,1730528293,1730561297
"200",0,40,1730786400,500,"Rain","light rain","10n",10000,0.2,"2024-11-05 06:00:00",10.58,10.04,10.58,10.58,1028,1028,1026,90,0,100,2.85,159,4.56,"n",0.2,2618425,"Copenhagen",55.6759,12.5655,"DK",15000,3600,1730528293,1730561297
"200",0,40,1730797200,500,"Rain","light rain","10d",10000,0.2,"2024-11-05 09:00:00",11.01,10.39,11.01,11.01,1028,1028,1026,85,0,100,1.88,170,3.2,"d",0.15,2618425,"Copenhagen",55.6759,12.5655,"DK",15000,3600,1730528293,1730561297
"200",0,40,1730808000,804,"Clouds","overcast clouds","04d",10000,0,"2024-11-05 12:00:00",11.63,10.89,11.63,11.63,1027,1027,1026,78,0,100,1.63,164,2.24,"d",NA,2618425,"Copenhagen",55.6759,12.5655,"DK",15000,3600,1730528293,1730561297
"200",0,40,1730818800,804,"Clouds","overcast clouds","04d",10000,0,"2024-11-05 15:00:00",11.27,10.57,11.27,11.27,1027,1027,1026,81,0,100,2.31,154,3.32,"d",NA,2618425,"Copenhagen",55.6759,12.5655,"DK",15000,3600,1730528293,1730561297
"200",0,40,1730829600,804,"Clouds","overcast clouds","04n",10000,0,"2024-11-05 18:00:00",10.99,10.31,10.99,10.99,1027,1027,1026,83,0,98,3.03,151,4.74,"n",NA,2618425,"Copenhagen",55.6759,12.5655,"DK",15000,3600,1730528293,1730561297
"200",0,40,1730840400,802,"Clouds","scattered clouds","03n",10000,0,"2024-11-05 21:00:00",9.87,8.22,9.87,9.87,1028,1028,1026,87,0,36,3.24,144,5.51,"n",NA,2618425,"Copenhagen",55.6759,12.5655,"DK",15000,3600,1730528293,1730561297
"200",0,40,1730851200,801,"Clouds","few clouds","02n",10000,0,"2024-11-06 00:00:00",9.52,7.98,9.52,9.52,1028,1028,1026,87,0,21,2.92,135,4.83,"n",NA,2618425,"Copenhagen",55.6759,12.5655,"DK",15000,3600,1730528293,1730561297
"200",0,40,1730862000,801,"Clouds","few clouds","02n",10000,0,"2024-11-06 03:00:00",9.12,7.38,9.12,9.12,1028,1028,1026,84,0,22,3.12,125,5.22,"n",NA,2618425,"Copenhagen",55.6759,12.5655,"DK",15000,3600,1730528293,1730561297
"200",0,40,1730872800,801,"Clouds","few clouds","02n",10000,0,"2024-11-06 06:00:00",8.81,6.91,8.81,8.81,1028,1028,1027,81,0,15,3.3,129,5.67,"n",NA,2618425,"Copenhagen",55.6759,12.5655,"DK",15000,3600,1730528293,1730561297
"200",0,40,1730883600,801,"Clouds","few clouds","02d",10000,0,"2024-11-06 09:00:00",10.09,9.09,10.09,10.09,1029,1029,1028,74,0,16,3.77,141,6.05,"d",NA,2618425,"Copenhagen",55.6759,12.5655,"DK",15000,3600,1730528293,1730561297
"200",0,40,1730894400,801,"Clouds","few clouds","02d",10000,0,"2024-11-06 12:00:00",10.78,9.72,10.78,10.78,1029,1029,1028,69,0,23,3.64,148,4.65,"d",NA,2618425,"Copenhagen",55.6759,12.5655,"DK",15000,3600,1730528293,1730561297
"200",0,40,1730905200,801,"Clouds","few clouds","02d",10000,0,"2024-11-06 15:00:00",9.94,8.4,9.94,9.94,1029,1029,1028,73,0,22,3.07,139,4.37,"d",NA,2618425,"Copenhagen",55.6759,12.5655,"DK",15000,3600,1730528293,1730561297
"200",0,40,1730916000,801,"Clouds","few clouds","02n",10000,0,"2024-11-06 18:00:00",9.2,7.47,9.2,9.2,1030,1030,1028,78,0,20,3.14,132,4.73,"n",NA,2618425,"Copenhagen",55.6759,12.5655,"DK",15000,3600,1730528293,1730561297
"200",0,40,1730926800,801,"Clouds","few clouds","02n",10000,0,"2024-11-06 21:00:00",8.75,7.36,8.75,8.75,1030,1030,1029,84,0,15,2.48,125,3.43,"n",NA,2618425,"Copenhagen",55.6759,12.5655,"DK",15000,3600,1730528293,1730561297
"200",0,40,1730937600,801,"Clouds","few clouds","02n",10000,0,"2024-11-07 00:00:00",8.38,6.93,8.38,8.38,1030,1030,1029,84,0,16,2.46,98,3.07,"n",NA,2618425,"Copenhagen",55.6759,12.5655,"DK",15000,3600,1730528293,1730561297
"200",0,40,1730948400,801,"Clouds","few clouds","02n",10000,0,"2024-11-07 03:00:00",7.94,6.16,7.94,7.94,1030,1030,1029,84,0,19,2.81,84,3.39,"n",NA,2618425,"Copenhagen",55.6759,12.5655,"DK",15000,3600,1730528293,1730561297
"200",0,40,1730959200,801,"Clouds","few clouds","02n",10000,0,"2024-11-07 06:00:00",7.6,5.62,7.6,7.6,1030,1030,1029,82,0,18,3.02,98,4.17,"n",NA,2618425,"Copenhagen",55.6759,12.5655,"DK",15000,3600,1730528293,1730561297
"200",0,40,1730538000,800,"Clear","clear sky","01d",10000,0,"2024-11-02 09:00:00",7.4,5.84,7.4,8.91,1030,1030,1025,85,-1.51,0,2.38,349,3.9,"d",NA,2950159,"Berlin",52.5244,13.4105,"DE",1000000,3600,1730527496,1730561689
"200",0,40,1730548800,801,"Clouds","few clouds","02d",10000,0,"2024-11-02 12:00:00",8.52,7.8,8.52,10.75,1030,1030,1026,72,-2.23,19,1.65,358,2.07,"d",NA,2950159,"Berlin",52.5244,13.4105,"DE",1000000,3600,1730527496,1730561689
"200",0,40,1730559600,801,"Clouds","few clouds","02d",10000,0,"2024-11-02 15:00:00",9.17,7.96,9.17,10.06,1031,1031,1026,57,-0.89,19,2.34,21,2.53,"d",NA,2950159,"Berlin",52.5244,13.4105,"DE",1000000,3600,1730527496,1730561689
"200",0,40,1730570400,802,"Clouds","scattered clouds","03n",10000,0,"2024-11-02 18:00:00",7.94,6.91,7.94,7.94,1033,1033,1027,41,0,25,1.87,50,3.47,"n",NA,2950159,"Berlin",52.5244,13.4105,"DE",1000000,3600,1730527496,1730561689
"200",0,40,1730581200,804,"Clouds","overcast clouds","04n",10000,0,"2024-11-02 21:00:00",6.82,5.32,6.82,6.82,1033,1033,1028,43,0,98,2.18,123,3.91,"n",NA,2950159,"Berlin",52.5244,13.4105,"DE",1000000,3600,1730527496,1730561689
"200",0,40,1730592000,804,"Clouds","overcast clouds","04n",10000,0,"2024-11-03 00:00:00",6.43,5.54,6.43,6.43,1033,1033,1028,48,0,99,1.53,171,2.59,"n",NA,2950159,"Berlin",52.5244,13.4105,"DE",1000000,3600,1730527496,1730561689
"200",0,40,1730602800,804,"Clouds","overcast clouds","04n",10000,0,"2024-11-03 03:00:00",5.82,4.93,5.82,5.82,1032,1032,1026,52,0,99,1.46,199,2.6,"n",NA,2950159,"Berlin",52.5244,13.4105,"DE",1000000,3600,1730527496,1730561689
"200",0,40,1730613600,804,"Clouds","overcast clouds","04n",10000,0,"2024-11-03 06:00:00",5.02,3.55,5.02,5.02,1031,1031,1026,60,0,95,1.85,233,3.6,"n",NA,2950159,"Berlin",52.5244,13.4105,"DE",1000000,3600,1730527496,1730561689
"200",0,40,1730624400,803,"Clouds","broken clouds","04d",10000,0,"2024-11-03 09:00:00",7.43,6.1,7.43,7.43,1031,1031,1026,62,0,72,2.11,254,3.24,"d",NA,2950159,"Berlin",52.5244,13.4105,"DE",1000000,3600,1730527496,1730561689
"200",0,40,1730635200,803,"Clouds","broken clouds","04d",10000,0,"2024-11-03 12:00:00",10.47,8.9,10.47,10.47,1030,1030,1024,51,0,64,3.23,266,4.72,"d",NA,2950159,"Berlin",52.5244,13.4105,"DE",1000000,3600,1730527496,1730561689
"200",0,40,1730646000,804,"Clouds","overcast clouds","04d",10000,0,"2024-11-03 15:00:00",9.84,8.48,9.84,9.84,1029,1029,1023,54,0,88,2.74,271,6.15,"d",NA,2950159,"Berlin",52.5244,13.4105,"DE",1000000,3600,1730527496,1730561689
"200",0,40,1730656800,803,"Clouds","broken clouds","04n",10000,0,"2024-11-03 18:00:00",7.8,5.91,7.8,7.8,1029,1029,1023,62,0,80,2.94,276,7.64,"n",NA,2950159,"Berlin",52.5244,13.4105,"DE",1000000,3600,1730527496,1730561689
"200",0,40,1730667600,802,"Clouds","scattered clouds","03n",10000,0,"2024-11-03 21:00:00",6.95,5.1,6.95,6.95,1029,1029,1023,65,0,32,2.64,271,7.42,"n",NA,2950159,"Berlin",52.5244,13.4105,"DE",1000000,3600,1730527496,1730561689
"200",0,40,1730678400,801,"Clouds","few clouds","02n",10000,0,"2024-11-04 00:00:00",6.48,4.18,6.48,6.48,1029,1029,1023,80,0,20,3.15,266,8.63,"n",NA,2950159,"Berlin",52.5244,13.4105,"DE",1000000,3600,1730527496,1730561689
"200",0,40,1730689200,800,"Clear","clear sky","01n",10000,0,"2024-11-04 03:00:00",6.31,4.04,6.31,6.31,1028,1028,1023,93,0,9,3.06,280,9.22,"n",NA,2950159,"Berlin",52.5244,13.4105,"DE",1000000,3600,1730527496,1730561689
"200",0,40,1730700000,801,"Clouds","few clouds","02n",10000,0,"2024-11-04 06:00:00",6.04,4.32,6.04,6.04,1029,1029,1023,95,0,12,2.28,282,5.39,"n",NA,2950159,"Berlin",52.5244,13.4105,"DE",1000000,3600,1730527496,1730561689
"200",0,40,1730710800,803,"Clouds","broken clouds","04d",10000,0,"2024-11-04 09:00:00",8.54,7.92,8.54,8.54,1030,1030,1024,85,0,75,1.56,282,2.19,"d",NA,2950159,"Berlin",52.5244,13.4105,"DE",1000000,3600,1730527496,1730561689
"200",0,40,1730721600,804,"Clouds","overcast clouds","04d",10000,0,"2024-11-04 12:00:00",9.92,9.71,9.92,9.92,1030,1030,1024,81,0,87,1.36,262,1.74,"d",NA,2950159,"Berlin",52.5244,13.4105,"DE",1000000,3600,1730527496,1730561689
"200",0,40,1730732400,804,"Clouds","overcast clouds","04d",10000,0,"2024-11-04 15:00:00",10.14,9.32,10.14,10.14,1029,1029,1024,81,0,100,0.19,282,0.22,"d",NA,2950159,"Berlin",52.5244,13.4105,"DE",1000000,3600,1730527496,1730561689
"200",0,40,1730743200,804,"Clouds","overcast clouds","04n",10000,0,"2024-11-04 18:00:00",9.97,9.77,9.97,9.97,1030,1030,1024,82,0,100,1.36,114,1.79,"n",NA,2950159,"Berlin",52.5244,13.4105,"DE",1000000,3600,1730527496,1730561689
"200",0,40,1730754000,804,"Clouds","overcast clouds","04n",10000,0,"2024-11-04 21:00:00",9.8,9.01,9.8,9.8,1030,1030,1024,83,0,100,1.94,123,4.14,"n",NA,2950159,"Berlin",52.5244,13.4105,"DE",1000000,3600,1730527496,1730561689
"200",0,40,1730764800,804,"Clouds","overcast clouds","04n",10000,0,"2024-11-05 00:00:00",9.54,8.57,9.54,9.54,1029,1029,1023,84,0,100,2.1,126,4.62,"n",NA,2950159,"Berlin",52.5244,13.4105,"DE",1000000,3600,1730527496,1730561689
"200",0,40,1730775600,804,"Clouds","overcast clouds","04n",10000,0,"2024-11-05 03:00:00",8.78,7.27,8.78,8.78,1028,1028,1022,86,0,96,2.66,112,5.62,"n",NA,2950159,"Berlin",52.5244,13.4105,"DE",1000000,3600,1730527496,1730561689
"200",0,40,1730786400,803,"Clouds","broken clouds","04n",10000,0,"2024-11-05 06:00:00",7.26,5.46,7.26,7.26,1028,1028,1022,86,0,82,2.65,113,7.12,"n",NA,2950159,"Berlin",52.5244,13.4105,"DE",1000000,3600,1730527496,1730561689
"200",0,40,1730797200,804,"Clouds","overcast clouds","04d",10000,0,"2024-11-05 09:00:00",9.17,7.19,9.17,9.17,1028,1028,1022,74,0,86,3.59,117,6.07,"d",NA,2950159,"Berlin",52.5244,13.4105,"DE",1000000,3600,1730527496,1730561689
"200",0,40,1730808000,804,"Clouds","overcast clouds","04d",10000,0,"2024-11-05 12:00:00",11.95,10.85,11.95,11.95,1026,1026,1021,63,0,92,3.29,124,4.84,"d",NA,2950159,"Berlin",52.5244,13.4105,"DE",1000000,3600,1730527496,1730561689
"200",0,40,1730818800,804,"Clouds","overcast clouds","04d",10000,0,"2024-11-05 15:00:00",11.28,10.19,11.28,11.28,1026,1026,1020,66,0,92,2.75,107,5.55,"d",NA,2950159,"Berlin",52.5244,13.4105,"DE",1000000,3600,1730527496,1730561689
"200",0,40,1730829600,804,"Clouds","overcast clouds","04n",10000,0,"2024-11-05 18:00:00",9.33,7.58,9.33,9.33,1026,1026,1021,70,0,96,3.21,111,8.25,"n",NA,2950159,"Berlin",52.5244,13.4105,"DE",1000000,3600,1730527496,1730561689
"200",0,40,1730840400,804,"Clouds","overcast clouds","04n",10000,0,"2024-11-05 21:00:00",8.22,6.59,8.22,8.22,1026,1026,1021,73,0,100,2.68,122,6.96,"n",NA,2950159,"Berlin",52.5244,13.4105,"DE",1000000,3600,1730527496,1730561689
"200",0,40,1730851200,804,"Clouds","overcast clouds","04n",10000,0,"2024-11-06 00:00:00",7.43,5.88,7.43,7.43,1027,1027,1021,78,0,100,2.37,114,5.3,"n",NA,2950159,"Berlin",52.5244,13.4105,"DE",1000000,3600,1730527496,1730561689
"200",0,40,1730862000,804,"Clouds","overcast clouds","04n",10000,0,"2024-11-06 03:00:00",6.84,4.94,6.84,6.84,1027,1027,1021,83,0,100,2.69,112,6.41,"n",NA,2950159,"Berlin",52.5244,13.4105,"DE",1000000,3600,1730527496,1730561689
"200",0,40,1730872800,804,"Clouds","overcast clouds","04n",10000,0,"2024-11-06 06:00:00",6.48,4.96,6.48,6.48,1027,1027,1022,87,0,100,2.14,129,4.55,"n",NA,2950159,"Berlin",52.5244,13.4105,"DE",1000000,3600,1730527496,1730561689
"200",0,40,1730883600,804,"Clouds","overcast clouds","04d",10000,0,"2024-11-06 09:00:00",8.61,7.31,8.61,8.61,1029,1029,1023,76,0,99,2.32,139,3.57,"d",NA,2950159,"Berlin",52.5244,13.4105,"DE",1000000,3600,1730527496,1730561689
"200",0,40,1730894400,804,"Clouds","overcast clouds","04d",10000,0,"2024-11-06 12:00:00",11.88,10.72,11.88,11.88,1028,1028,1022,61,0,92,2.24,139,3.26,"d",NA,2950159,"Berlin",52.5244,13.4105,"DE",1000000,3600,1730527496,1730561689
"200",0,40,1730905200,803,"Clouds","broken clouds","04d",10000,0,"2024-11-06 15:00:00",11.15,9.94,11.15,11.15,1029,1029,1023,62,0,77,1.95,116,3.02,"d",NA,2950159,"Berlin",52.5244,13.4105,"DE",1000000,3600,1730527496,1730561689
"200",0,40,1730916000,803,"Clouds","broken clouds","04n",10000,0,"2024-11-06 18:00:00",9.05,7.91,9.05,9.05,1029,1029,1023,70,0,67,2.22,116,4.27,"n",NA,2950159,"Berlin",52.5244,13.4105,"DE",1000000,3600,1730527496,1730561689
"200",0,40,1730926800,801,"Clouds","few clouds","02n",10000,0,"2024-11-06 21:00:00",7.89,6.73,7.89,7.89,1029,1029,1024,75,0,12,2,124,3.55,"n",NA,2950159,"Berlin",52.5244,13.4105,"DE",1000000,3600,1730527496,1730561689
"200",0,40,1730937600,801,"Clouds","few clouds","02n",10000,0,"2024-11-07 00:00:00",6.98,5.71,6.98,6.98,1029,1029,1023,79,0,17,1.96,112,3.08,"n",NA,2950159,"Berlin",52.5244,13.4105,"DE",1000000,3600,1730527496,1730561689
"200",0,40,1730948400,801,"Clouds","few clouds","02n",10000,0,"2024-11-07 03:00:00",6.2,4.99,6.2,6.2,1029,1029,1023,82,0,15,1.78,105,2.73,"n",NA,2950159,"Berlin",52.5244,13.4105,"DE",1000000,3600,1730527496,1730561689
"200",0,40,1730959200,801,"Clouds","few clouds","02n",10000,0,"2024-11-07 06:00:00",5.59,4.1,5.59,5.59,1029,1029,1023,84,0,16,1.96,112,3.45,"n",NA,2950159,"Berlin",52.5244,13.4105,"DE",1000000,3600,1730527496,1730561689
